Accession,sequence,length,normalized abundances
AO090103000076,MLRVSAIFMACLLLATAA,18,925619983.9904914
AO090113000063,MPIKSFASRLALSLAICGTAM,21,386649196.08420694
AO090701000295,MHLPTLVTLACMAVSAS,17,247866661.24628082
AO090003000935,MEAFNLHNFLSSLYILLPFVILANPVH,27,173390067.73336667
AO090020000710,MKVAIFSTLLPLVLALPAPQT,21,110827365.99715653
AO090026000003,MAVRIARFLGLSTVAYLALANGID,24,96897960.38361853
AO090003001507,MHLAIKSLFVSLLGASVLASPLPSNALVE,29,93187012.47183704
AO090011000195,MHFHRLLVLAAGLLTTATSAPTELFK,26,61727019.90956359
AO090020000162,MRSTLWSLLGLTGLAY,16,40204553.28949652
AO090010000704,MYLSKIISISFLAALAGAAATPSNLEA,27,39958069.774555266
AO090003001484,MQFKNLALAASIVATAAAAPAA,22,39727233.720888406
AO090113000195,MKFSIVALVLAATSAIATPIVTK,23,36278757.78514162
AO090011000808,MLLTQSLFFAFACWQATPAL,20,35513362.3288373
AO090102000092,MKLYLLFFFFLTLHALPGLPRST,23,20406871.968366027
AO090113000062,MQLYKVFAVLAALQPAL,17,18005192.071161672
AO090020000698,MILKSALTAVVLCLAVEGAA,20,16260156.518944833
AO090003000354,MRSLLWASLLSGVL,14,16150781.200620007
AO090012000708,MKISAAISTALLAVSAA,17,15773369.520809636
AO090103000153,MANLIFSLFFCSAVTL,16,12946753.792164687
AO090701000525,MLVANRRPTKGHSTQNRHSLKHRPGATMYWAILHILAVALPTTAF,45,10551491.932527164
AO090001000406,MLSVATSIFGLLATVPLAA,19,10359737.669873573
AO090010000644,MKLIQLSSVLHFTALSSALTLPLNR,25,7728582.899575989
AO090005000560,MSLPSFLKWSAMAALMAQLCT,21,7711400.470976353
AO090001000383,MVALQALSLGLLASQAL,17,6473020.373021099
AO090003000833,MKPSQLSLLVLLFQASSIQ,19,6273855.523989172
AO090010000729,MRLFGITLVSAALAA,15,5775765.17032682
AO090701000540,MQLTKSLLVFALYMFGTQHVL,21,5579145.211920064
AO090038000415,MRPIPQIIYLIVLLASQLVT,20,5072814.489750476
AO090011000119,MRFSAIFTLGLAGTALATPLVE,22,4941368.159105581
AO090020000207,MKWKSLALGLLATAQSAA,18,4541046.334923859
AO090701000644,MRFLSGFVSVLSSVALLGYAYPTAIDV,27,4492415.5926601
AO090010000746,MVSFSSCLRALALGSSVLAVQPVL,24,4450353.681182215
AO090103000216,MLTVCILLQALLCKSVI,17,3941233.5031639393
AO090005000189,MKGLYLTAALFGASST,16,2761684.6850735135
AO090005001044,MPSTPSLPSMGMLALGAMQLAA,22,2752740.937813049
AO090001000098,MRFFGGVIATFVVCSSLAD,19,2664497.2773343683
AO090001000143,MFSLARLGTVAGLFLLAQAA,20,2444469.33145415
AO090012000590,MRSWVPFVAALAALSPAT,18,2398758.853919114
AO090023000371,MLFGVALLFLGAVAANPVIP,20,1961811.0731908141
AO090026000766,MASSVSKTLLVLLAAHLLGVAA,22,1510951.2617338176
AO090009000144,MHFHKITLGATLAALLSLTTALPTTSYSFPLTT,33,1457731.7959845115
AO090138000055,MSTRSPFPLSFTMLSFLAALSLPLALVN,28,1447095.4705624098
AO090011000036,MRGLLLAGALGLPLAVL,17,1430356.5701143886
AO090003000346,MFLQSVLALSLALPSLST,18,1405940.4172675088
AO090005000347,MPSLSTLKLGAFLGLAAIAPSIE,23,1377813.5688779098
AO090005000217,MRLITRWIPLANALASTMPVQVV,23,1315795.596924897
AO090011000343,MKFFSSLALLVSAVAANPILRT,22,1265408.2559128294
AO090003001448,MKTLTTLTISLVAITTTAV,19,1230593.2133242618
AO090011000051,MLLPYYLLAAAATVM,15,1162844.812517406
AO090001000221,MSIAKIAGVVLGSAALVA,18,1155674.1022847958
AO090020000514,MRIFSALSSLLLAGAAL,17,1120067.1143384494
AO090009000471,MAKMALGYRLPLLVSLLALFQFAL,24,1085679.7521752405
AO090011000357,MVSKVFGRLLTTGLVLANSVSASTEA,26,1046455.0546348492
AO090003001268,MRFTPSSAALLLGAIGAAT,19,1005752.9043891185
AO090003000876,MVSLTHIFSKALLTLLVGQSA,21,1002138.5856196726
AO090701000313,MSFIQLVHFFGLLTLAAGKPILIP,24,972986.0061497681
AO090005001090,MYFNYAAATLAALLPLCS,18,929520.2639471611
AO090009000579,MFGQVTGLSLLTGLLATASVK,21,902501.8956596964
AO090701000246,MKVFAPLLSLSLATSVA,17,883202.0442305577
AO090020000351,MMRAATAIASLLLVGSVV,18,860312.3832698049
AO090005000064,MFSTMTPSLSKLVALSLFLGTAL,23,767036.621465857
AO090009000553,MKFLAISSLVAAVSALPSVPAP,22,765917.6459127764
AO090124000065,MASKSASSLMTLYLTLASFCLGKT,24,765030.3385413414
AO090005000897,MKFSMVPSLLLPLLAAAAPAA,21,762230.3083341988
AO090026000662,MLGRSVSLATVLLTLSGSFAN,21,756582.6328005559
AO090003000239,MHLKPIQTLLPTLLLFLHLPTPAL,24,753765.2994070412
AO090038000364,MKISGFTSVALGLAAFAE,18,741649.7447218974
AO090124000015,MLSPVRLLPLIGSLLSLVS,19,709607.9140802686
AO090011000235,MFFSRGALSLAVLSLLSSSAA,21,658792.4298487712
AO090026000804,MWSSQLLPWATGLGLISTVL,20,631690.567140345
AO090020000650,MKGSWMLAAATAALTSTAF,19,594942.577858615
AO090701000473,MKVALLTLAAGLAN,14,594674.5892958108
AO090005000253,MKFHLWAVALASALCVQ,17,591853.586189989
AO090009000356,MKLGWIEVAALAAASVVS,18,555183.3012433972
AO090012000725,MRFLSIAGAALFASSAV,17,541955.1271340724
AO090005001347,MNPGLSSFMPDIFIDFIPTSLQLSSIQLSSFYIPMKLPILLTALPWTAA,49,508382.9438021365
AO090001000492,MLFSYLLATLPLLAN,15,501198.1959756804
AO090026000119,MSSSLKFLGVFLPALAV,17,499650.60858072585
AO090011000300,MLTRQSLVALLGGLSLAA,18,472516.92117825913
AO090011000131,MIERYLIVSQSLRMLSFFCVVASAALAA,28,454031.75767298066
AO090138000042,MKFSVAAFASLLSVVS,16,445747.5353975095
AO090012000372,MSNQHCRGTSSITQFSAMAYSTIILLCAALAQAVQ,35,406088.0114809508
AO090003000823,MPSNKHPILSYILLPLLLALSTIQIVQ,27,398285.79391531186
AO090102000440,MRYQALSLALLGLGKSY,17,395608.97410161083
AO090001000083,MQFRSVIALVAFATAVT,17,386501.34029963444
AO090003001523,MFSTILTSVLALASSVTARSVETRSLTP,28,385986.999940392
AO090206000073,MKIRAALALSATASGVL,17,377958.0578435189
AO090038000279,MRTAGLLSLLLAAIPAVT,18,336378.23145359335
AO090011000174,MQLLPVALLLGALAAPTA,18,325980.86890408886
AO090023000079,MIKTILCALAILAAIAPLTT,20,308344.94984532945
AO090003000321,MRNNLLFSLNAIAGAVAHPSFPIHK,25,300470.38850905467
AO090005000409,MKFNAVALTLATAGSLVA,18,295987.1113883768
AO090102000564,MAPKSLFYTLFSSLTVAL,18,282261.3030980526
AO090010000586,MLRLKMEVVAALAAWAIAS,19,279833.1408870147
AO090023000615,MLSGFFWSALAMFYSRIRSVASTAAVTSLFTATVAQ,36,277170.36269776215
AO090038000540,MQLQTLAGFLLLCSPSLAAP,20,261997.69250290273
AO090102000152,MTRSSAALIVALAACWNAQGSA,22,250590.13824511357
AO090026000298,MKLLSVSATYLAIPMALLVS,20,243138.64660612374
AO090012000482,MKLTIASSVLLGLIAAVE,18,242887.64829791742
AO090701000885,MKVTKKVLDQSLCCTALLALVGGAA,25,221796.82410498432
AO090120000008,MRTAASTGLFLGLASMAS,18,215736.79883786655
AO090005001509,MQLKNSLFLLTALTAGSAV,19,200870.67441797853
AO090009000117,MQLTHLLAFALSLATSE,17,199123.0271697879
AO090009000493,MKGLDRGLALVSTLALLFVQAVAVPLS,27,196145.09375122085
AO090012000143,MKFFAVAALFATAAMAA,17,184330.13807289602
AO090701000071,MKPVFFTNTLYLLLPVLASAAPAPIIGRDIHS,32,181721.6720824555
AO090038000471,MHLKKLLTSAAALSGSVF,18,181029.34250661655
AO090001000733,MRTFAPWILSLLGASAVAS,19,173188.48064247842
AO090103000463,MHSSLLPMLAAMLLSPVS,18,170284.42579682756
AO090020000640,MKLSTASALVTSQAAYAAS,19,165038.71339732778
AO090038000258,MLTKSLFAGAALGLSLSSAV,20,164359.47332497008
AO090026000408,MQLPVSLGLLTVLISSVT,18,163475.77154363898
AO090005000042,MKASFISRLLSLTAFAISSNLSY,23,157551.54278717685
AO090701000294,MIMKSSFMPLVALSSAISAW,20,154511.89544393023
AO090012000110,MRLQLPEVAIATLLLGEVG,19,152324.94150006684
AO090023000602,MKYSKLLLLLVSVVQ,15,151413.03830265763
AO090010000562,MILGLIASLGQAAVAA,16,149664.06520618874
AO090026000516,MKFLSTAAALLVCLAPVSTT,20,146710.79642338774
AO090011000565,MLFTTILASTLALSMGVSAAPRPAP,25,140866.59857823825
AO090103000218,MSPPLFSKWPFIISLMVYAVRPAW,24,135026.61076574068
AO090011000053,MRLAPITVGLAACANLVSGMAFTAPAR,27,131055.20439925883
AO090003001326,MRTAQLLALSGLMLMSNVAM,20,127623.91722629154
AO090005000610,MRAFESVFAAIACLAHIGMTD,21,123735.74651571401
AO090001000617,MATLIVSLLLTLLAREVL,18,118161.59021205512
AO090003000257,MARLSSRNGAAKPFTAWTTIFYLLLVFIAPLAFFGTAH,38,117350.6928230509
AO090005000652,MVLLSSLAVVATVASLAT,18,116252.70719327612
AO090003001036,MQSIKRTLLLLGAILPAVL,19,114833.80678419299
AO090102000494,MRQTMRLDVGLVTCLAAFSGLAE,23,113671.17278391449
AO090009000313,MRFNAAVASALVSSATLMGYAH,22,112226.42596934203
AO090701000717,MKYQRLASLGLAALSVTGSVSASPLIR,27,103478.3119440803
AO090701000510,MRFQSLAAAILLSLSITIH,19,102023.25293233158
AO090023000637,MKNFATVAALAAGAN,15,95883.46959940923
AO090023000872,MRFLRCLLATSSLYASVT,18,90870.1685283164
AO090001000511,MRVPVINAAVLLLSSAIPVL,20,89844.60243094819
AO090023000056,MFRSALFLLLAPLAL,15,87044.08648859369
AO090005000639,MRISQICTVLSTVTSAVAVGVNPLPAP,27,83526.13918681332
AO090701000305,MALQLSRSPVYSLIILSILWIEGIA,25,83385.18650557574
AO090023000918,MAPLAKTLALAGALFAALASAAPVQK,26,82986.62997592571
AO090701000512,MRTSLSTTVCLGLLLPAAPTL,21,82815.4737491384
AO090120000052,MKLRNLAPWALLLTAVH,17,82307.97065289557
AO090023000811,MNFRNLFLSFFFLLAVGLALVH,22,80765.44220524667
AO090120000474,MVILSKVAAVAVGLSTVASALPTGPSHSPHAR,32,76901.04340096709
AO090120000344,MARLSYLLVSCLSVVSAAS,19,76842.72746035339
AO090701000389,MKGSAIATALTLGASTALAAPSIKA,25,75678.30360642249
AO090001000635,MKAAFALAGASLVGSVL,17,70694.0559327754
AO090003001514,MYRFLVSLLGLVAGTTYAAPVPEVSSMNAV,30,70638.21643034313
AO090038000337,MASSVLWSILIATPLAL,17,67031.61312534165
AO090003001305,MQRYISLSVSLSLLSGAN,18,65774.22565326812
AO090005001084,MLGSLLLLAPLAG,13,65199.656348554265
AO090038000315,MKATTIGTLLLAAGTALAVPGK,22,63421.53656398533
AO090023000525,MKGLAFVCGLLATSVS,16,62269.729302885695
AO090011000715,MRIGNLIVAASAASLVHAYPTRDIKK,26,57522.974111964686
AO090023000905,MFIKYALPALAAAQAVF,17,56316.84086419642
AO090005001515,MRFSIFSTLLVSLATLST,18,54981.047643101054
AO090011000362,MASLHTTIMLFLAHVLLLLGLPAGMVG,27,51518.231391883295
AO090001000070,MRFLLPFAIGLTPLAS,16,50589.59132479551
AO090003001209,MAGLKSFLASSWLLPVAC,18,50169.4883867495
AO090102000335,MQSRSVLICVLLALDILNFTV,21,49855.130251155126
AO090023000474,MPSMYTRLFAALCALATTAN,20,49168.02313468255
AO090113000146,MVLATMATMARFKATILSSVLLPLLLSSHGA,31,49167.63097261999
AO090009000291,MRLSESATVAFGLFCAATAS,20,44521.446262554164
AO090003000058,MKSIYSLVLCTALTAASPH,19,42593.70489181233
AO090005000029,MHLRNIVIALAATAVASPVDLQD,23,41722.9829939391
AO090120000279,MVRIVSSLLLASLASTFAW,19,40780.18566483992
AO090003001244,MLGFGLLALLPFAAAGTVLP,20,38271.45357578316
AO090023000052,MKLANLALSATAGLSLKAT,19,37707.454237794176
AO090003000045,MKLYYISVILMTCLSTAL,18,36425.62871656089
AO090020000285,MTRTIINLSILGLLSVPAL,19,34622.56619209025
AO090012000706,MWFSSTAWLLPLALAGSVQ,19,34278.87511221189
AO090011000430,MKLSFLSLLSAAAGVAVAAPTESTKD,26,32825.788675834505
AO090012000680,MKLNAILLGAALASAAPSLDL,21,32083.855962676127
AO090003000476,MHFSSLSLPLTALSLVTPSL,20,31787.786357275614
AO090003001498,MVSSSSLGRFAVLVTSLVGSAV,22,31399.837941637365
AO090023000382,MILLGLIVCSLLGVAT,16,30266.01775759882
AO090166000084,MRSSFLLAGVFGSLAAPAL,19,29899.86617758383
AO090038000214,MMLSVLGIVPVLLSLSTND,19,29403.91611832517
AO090001000075,MPRLLPISAATLALAQLTY,19,29217.162525083346
AO090120000068,MRALSLASLIGIAS,14,29003.763713533102
AO090011000062,MKFLITTAALLFSLVS,16,28094.082690064566
AO090003000693,MKSTLVTASVLLGCAS,16,25492.485852432925
AO090009000416,MKSFIASLFAASLAY,15,24330.62549452423
AO090009000060,MKLHSLLPLAALLTPSL,17,22876.378811564406
AO090120000174,MKLSILSLASLAPLVS,16,21528.90332048205
AO090011000364,MKQTGTILALAGLVSMAH,18,21415.830731363738
AO090003000829,MWQPSSALLLVASLLTALPVN,21,20649.367657627998
AO090701000344,MQLLNTITTGLLLSSSCLAAASPATWQ,27,19572.899071263433
AO090102000501,MFSKAFLSAALLGAAAVE,18,19309.548638988745
AO090009000148,MMRGASLLPVALAALSCVD,19,16419.589712681234
AO090005000918,MARWPLAWTANVPSTSRLFHFLLITFVFSLSVR,33,14982.581764462757
AO090003000825,MHVLSTLTQALSLWAPLAA,19,14333.207976554351
AO090701000002,MQKSWLVLLVACLGLQGTT,19,14304.279767514992
AO090102000586,MVFSKSVAVAAAVSAVFPLVH,21,14195.340882379689
AO090001000495,MVSFTKLIAAGLLASAAVAVPHGHQHSHVHVTK,33,13887.946619729746
AO090023000944,MMVAWWSLFLYGLQVAAPAL,20,13174.719806687213
AO090005000582,MRGAFLAAAAAVAGTAM,17,13045.72156070541
AO090020000482,MHRNMALLLLTLFSWRAF,18,12137.588198717083
AO090011000446,MDEFFFRSGTMNTFRTFGLLALLAIFSVAQ,30,11394.475870208335
AO090023000915,MLFAKSALFLSFLALGNIAA,20,10719.301681249986
AO090103000384,MKTTALSFALLAAATTMVS,19,9822.943836347134
AO090001000294,MRSSLLMGALCAAGAMANPLDK,22,9776.369953834039
AO090009000570,MLFFTVFTFFLTLLSTVLSQPIDDILP,27,8771.563907526483
AO090701000220,MPLLKSVINAAGLVGAVA,18,8587.484255126386
AO090020000279,MKVQHLSSPFLLFLLPAIAT,20,8295.397931658656
AO090023000113,MKFISVVALLAPVVLAAPQA,20,8197.407268869541
AO090009000205,MKSFTMKSALAASALLIAAYLPAVN,25,7016.187914393631
AO090010000202,MQQLLQSTAALLAFQAVVGDAAPTSSSSA,29,6815.498851699399
AO090005001311,MSLFNVLALLMAFVCSVT,18,6684.014023875327
AO090003001320,MQLKALSLLALTPLAA,16,6359.455958810912
AO090020000517,MRGILGLSLLPLLAAASPVA,20,5740.451891148897
AO090005000108,MHLSSFSLLALGAATAN,17,5462.298189672748
AO090103000108,MHASLALLLLPLGALSLPFEDSVQTVE,27,4185.303712264202
AO090001000073,MKNIFVATLGLFAAVSSALPYTTPVNDNPISALQA,35,3284.9721015284886
AO090001000726,MRVPISHFTLIALGLSPVHVL,21,3096.2991936857497
AO090010000622,MRGLSWQQLGGAVLLLLQGQVAL,23,2693.388223832195
AO090003001406,MLLGTLLSLAAVVA,14,1704.718484286532
AO090005001280,MMFTKTITLAALASLAAALPTANPVK,26,1466.6906358699302
AO090038000420,MKFQTLCSLATLGLAFANPIQN,22,1397.6163865624565
AO090003001496,MRLSYAISLLPLAASVG,17,1192.2897454365448
AO090023000609,MMKDTLSFARLALLLFGFVVIPTQ,24,1037.7302036502406
AO090009000036,MKWSALVPLSVSALAVLPSTG,21,735.7982336047003
AO090166000085,MARTQWPSLGVAALQILSFSLVNQAL,26,477.02927627631834
AO090005000231,MKFISVIALLAPTVL,15,455.43115148358703
AO090120000454,MRVSLTTIFSSLLCTVLVS,19,186.2310350118318
AO090005001467,MRANNLLLLAGLASSVAAYPADVES,25,56.09615048784623
AO090026000198,MRFGYALAGILISIAGAN,18,0.0
AO090038000111,MRFFQTLVALPLIAGAVASPLDA,23,0.0
AO090001000544,MAAFPAYLALLSYLVPGALSHPEAKTLTS,29,0.0
AO090020000095,MHQFLTLAALLATTALAADRTPALVA,26,0.0
AO090009000017,MMTKLWMIFGCMAAAFSTAT,20,0.0
AO090166000081,MHSSLTFLTLALCLFAWAN,19,0.0
AO090012000164,MKFQSLCMSLFCAATLAAALPVEPSAE,27,0.0
AO090012000922,MRATLFTTILAGSLPLLAA,19,0.0
AO090023000365,MRDFLSLLGLASIIASSS,18,0.0
AO090010000493,MRVTTLSTALFALASTAVSAPTA,23,0.0
AO090120000056,MPMPCRTQRYKYCFTVIVCLPYLHLTNFGYLKTNIIPHFSNPNHNSNMQLKSLFVVMAGLMAFAAAAP,68,0.0
AO090001000135,MRFISVSSLLLALAPALN,18,0.0
AO090701000844,MHILTPPRLCTALTVLTSLIISSF,24,0.0
AO090005000016,MAPSHSFMLFLSVICTHLCSLVV,23,0.0
AO090005000053,MGLFLTALGALSSVNVLYSRGRMPLKHLATLLCALSPTVAL,41,0.0
AO090005000059,MHLQATLAVGLSLLGLTL,18,0.0
AO090005000065,MRIFSSIFAVANVLSLSTGRVIP,23,0.0
AO090005000067,MRSVSLFLWGLAPLLAS,17,0.0
AO090005000078,MKSILYYTSCFIAVLGTVN,19,0.0
AO090005000081,MGRQTPVYRAAQTCILGLVLLSFAS,25,0.0
AO090005000093,MILPQGLLFFVSLAACSTAVV,21,0.0
AO090005000094,MKISYASIMVLLSMTALAIPNPEAY,25,0.0
AO090005000109,MNLRAAGLRKARRQRSFTWLLLLIAVLMLAQISL,34,0.0
AO090005000167,MRREYIAVLCAQLTTFALGSHQA,23,0.0
AO090005000188,MVCLLAVNSFSLGTIM,16,0.0
AO090005000239,MQFTTIINVALLVAGSL,17,0.0
AO090005000251,MRRRHSKWVMVILHSMLITQVCRPFCL,27,0.0
AO090005000252,MFAKLAFVLLAIEAS,15,0.0
AO090005000256,MHGIFQIQHYPLQDYLLLTDLLRCCLRRQGLTNPSSSTMQFTYTAIALALATTIS,55,0.0
AO090005000298,MIRTISLVGAWLIASGATLVQ,21,0.0
AO090005000310,MNMKGYMTKHRPLLKLMAFKLVVGLVLLEKVN,32,0.0
AO090005000311,MHFTSLLLLLGAPCVS,16,0.0
AO090005000326,MIASRALRHSSFIALVACLLQLSS,24,0.0
AO090005000349,MYSSLLLTLLATSTKHVL,18,0.0
AO090005000355,MLLISILSILTFLCSAPVS,19,0.0
AO090005000365,MRQIFILIALFLAGFAASQGAAGSAQ,26,0.0
AO090005000375,MRNPSLFRPATAGLSTALYLGSLLQLSPAS,30,0.0
AO090005000383,MRYPHFILLCTLSPLAL,17,0.0
AO090005000396,MAGVVLFTLYLYTLTQYAL,19,0.0
AO090005000449,MLFSLAFLSALSLATASPAG,20,0.0
AO090005000464,MLHRKGRGIGPFLGFLDPSLATPPKYLLISVAEHIEKMLARYFSLSLLATAVS,53,0.0
AO090005000472,MLPKAVLLSLLASMAL,16,0.0
AO090005000489,MRVSSLALALCASVAM,16,0.0
AO090005000512,MPPYKHLCAVVALAALLIPGSR,22,0.0
AO090005000528,MHLTKFLLLSAATLAVAH,18,0.0
AO090005000531,MKSSTFGMLALAAAAKLVS,19,0.0
AO090005000538,MQLLLLVVLLVGACPAQ,17,0.0
AO090005000544,MKFAYILSALASTAV,15,0.0
AO090005000554,MKLFYLAGPFIWSLAS,16,0.0
AO090005000561,MVQGVNWLNGGALVYLGVQLLRTVK,25,0.0
AO090005000613,MRHQTFTPIFLIFLIICTISIAS,23,0.0
AO090005000630,MPSAAKVFYLAVFAFLRLTN,20,0.0
AO090005000691,MHLKTLLLTLALTTPTLIH,19,0.0
AO090005000782,MKFRLNAIVRASESRTMQISNMCPRRRTQLPSLRQLLLTVIAVPSVV,47,0.0
AO090005000803,MKLNLIALTSLVALTA,16,0.0
AO090005000816,MGVNFKVLALSALATISHASPLLYP,25,0.0
AO090005000912,MQDMVFALPLITASWVGVTAASSAR,25,0.0
AO090005000922,MRPLTLLPLLSNAY,14,0.0
AO090005000924,MHFQALPILAAMLALPALIM,20,0.0
AO090005000928,MKFTTVAAILAFAYAAAAA,19,0.0
AO090005000934,MRWRLPGARSTLPASVALLLLPVLVA,26,0.0
AO090005000939,MVALISFLLLSTVTAIPAPISLTT,24,0.0
AO090005000940,MVNMLRGLFVASLAASVVH,19,0.0
AO090005000945,MKFLSVILLTTTAGLAS,17,0.0
AO090005000970,MRRAGLASFVLQSLVLHTN,19,0.0
AO090005000984,MIVLNLLRAWIAHESLLKVTIFGLLLQLSF,30,0.0
AO090005000986,MPGAASIVAVLAALLPTAL,19,0.0
AO090005001030,MKFAVATLAAAALTPLAA,18,0.0
AO090005001097,MSMLLGVTLAMLLGSRPAR,19,0.0
AO090005001111,MPALLRKLCIVAAVDGLILQVPGN,24,0.0
AO090005001131,MYLSPLKALVCLASFAVVS,19,0.0
AO090005001177,MTLYHSWLGLLYLLCLVQWVS,21,0.0
AO090005001186,MSPYFGLLRALPFLLTLFASLAS,23,0.0
AO090005001197,MNTLTCVGLLFLFLSFIG,18,0.0
AO090005001206,MRIPAGLSSIILSSALLPSLSA,22,0.0
AO090005001222,MAPKLRHASPRLFTSSPVLSVLIVPFLLFFLAFPAPAA,38,0.0
AO090005001254,MLRLIDMIKFWCLALGAAYFTN,22,0.0
AO090005001307,MRLLISCPTQPLAPLLLGLMTAAT,24,0.0
AO090005001314,MKFSNAAALGLVGCAL,16,0.0
AO090005001320,MLRNYIISLACLLGMVQ,17,0.0
AO090005001336,MRGGSKIAVVVQVKHCYYYYQINRYIPSRQRTMKLNLGLILIIPQATTILST,52,0.0
AO090005001344,MTLSCYIMAMVMTILMLSYLAD,22,0.0
AO090005001350,MHVLSIILPLYLALPTTAGSLKP,23,0.0
AO090005001359,MVKGTIALLALAGPVL,16,0.0
AO090005001364,MAGNFKDKMARFIPMIGYHHVLMIIIAVTIILLSLLLA,38,0.0
AO090005001372,MALLGRLVLLGSVLQLAHLGS,21,0.0
AO090005001400,MLITKTAFLAFLLSSVPLAH,20,0.0
AO090005001415,MRPILLVYTLLASLTPLAL,19,0.0
AO090005001472,MRLFPLGFAAMAY,13,0.0
AO090005001552,MKLLNSWLMASAISTVAARPWPR,23,0.0
AO090005001553,MKFRNLFFAAVAGSAVAAPLAKEQKK,26,0.0
AO090005001573,MRSKLPVQLYLATLLSLSVSAAV,23,0.0
AO090005001581,MARVTFAGLVYGRPPLLFLISVISAMTMPNHAF,33,0.0
AO090005001618,MALIWLIILAFTWIID,16,0.0
AO090005001626,MAWLQILGLVLSGLTH,16,0.0
AO090005001632,MFSSISRGFAKSETGDTFSFSFKSSWLLSLLVLWGPPLTT,40,0.0
AO090009000027,MFSFLKNTLVPLLLLSQAGPGA,22,0.0
AO090009000028,MYGKSLILATTLLGTHSR,18,0.0
AO090009000037,MNTRFLLTIFIITSSLFFCSD,21,0.0
AO090009000038,MRWIIPNLLAALAVSSLFSSVI,22,0.0
AO090009000067,MKSSLFCILSSIVAANATSVPSFLA,25,0.0
AO090009000078,MKNVVEAYFKAIKTIKPATTAIAIFFSSVTGGI,33,0.0
AO090009000086,MLLIPLIHLAIGATIAH,17,0.0
AO090009000099,MKFTGLAIVSLIGCAA,16,0.0
AO090009000111,MKPYSLLSSLAILGPAALTV,20,0.0
AO090009000132,MKLHSSVYTGPLLAALLHCGVAS,23,0.0
AO090009000142,MWGSTAMRKPGAIAALLLFIEWHCRPIN,28,0.0
AO090009000143,MNTLTVIITLASLWLSRAL,19,0.0
AO090009000146,MQWKSFLLFVAIADLGL,17,0.0
AO090009000173,MKLSSIVAGASLFASSVI,18,0.0
AO090009000175,MKWLICVLVVLLLSLQVK,18,0.0
AO090009000182,MVSSLTLITLLLGGWGAEVA,20,0.0
AO090009000239,MQFKALLSALLLAFLSAPLVT,21,0.0
AO090009000249,MRQSIILSLLLPCHSL,16,0.0
AO090009000262,MGTSQPTLRSILGILFLCLIQISA,24,0.0
AO090009000305,MRSIVLSALAAGFAQ,15,0.0
AO090009000346,MRFSATTIALFAGLAA,16,0.0
AO090009000361,MKSLATSLLGFLLLLSAPHASVY,23,0.0
AO090009000369,MRFSTVVSALLLSSTSL,17,0.0
AO090009000445,MKVFGWISAAFFASTVL,17,0.0
AO090009000446,MHTSRILHSAISILTLLAQVQRSA,24,0.0
AO090009000467,MQFKTLPFLILAATAL,16,0.0
AO090009000470,MRWLSTPLVAVSLSLGLSAISH,22,0.0
AO090009000545,MHFTFSICSSLLLVTGTIKSAF,22,0.0
AO090009000556,MLGLISLVLAASRLTT,16,0.0
AO090009000597,MVIPAWAAAAWTSLTTALILPGIPGAA,27,0.0
AO090009000649,MMLSKSYARGLLAVLLLVSPAL,22,0.0
AO090009000654,MWRRTYLLLLVIRVYF,16,0.0
AO090009000720,MGVIWDLLERAACLAVTAVALLEGRAG,27,0.0
AO090308000021,MGLKWASVLLLIGLSK,16,0.0
AO090701000932,MLRRIQSLASIILLLSLICPVY,22,0.0
AO090701001029,MCFSRVRLLLLFLLASLLLFLTSPLAT,27,0.0
AO090701001051,MVSFKYLGATAAYILVLASQITTAL,25,0.0
AO090701001053,MAQSYPLLFLWLLVLSAVS,19,0.0
AO090001000035,MSLLSSAWAAVTVGLCVAIALLSGRSAH,28,0.0
AO090001000050,MRLLNHLLPVVPLLQTAS,18,0.0
AO090001000055,MKLTQFASILTAGFVAAAQ,19,0.0
AO090001000057,MFSQPFLFAFLSAGAAW,17,0.0
AO090001000058,MVKANGLLALLVGISAYHVE,20,0.0
AO090001000063,MRSSIALLAATAGTTL,16,0.0
AO090001000066,MLVMQLLLPFLASTAAAAA,19,0.0
AO090001000071,MQLPQAIAILTLVASAS,17,0.0
AO090001000086,MKLSIVLLGTVLGTAL,16,0.0
AO090001000095,MQLSKIFQTIALLGASVPAL,20,0.0
AO090001000105,MRLNRHVALLGLLHATGGAVYGSPAPAL,28,0.0
AO090001000108,MHLTKPCHLIFFHCSTAT,18,0.0
AO090001000111,MVSFSSLLLAVSAVSGALAAPGDSTLVELAK,31,0.0
AO090001000113,MHLTSLIVTAGVVAAAPSFSR,21,0.0
AO090001000133,MKLSGSSALLLLGFGLLGH,19,0.0
AO090001000134,MYISKGLFLLSTPFALGGLAA,21,0.0
AO090001000145,MHSKLPRFSILLQTALTLLLTVTHTL,26,0.0
AO090001000205,MQFSLSFAAFIALSGQTL,18,0.0
AO090001000207,MKNFFSMHAILLACSAGAGL,20,0.0
AO090001000208,MVHLKSLAGILLYTSLCIASSQQAP,25,0.0
AO090001000266,MRFVSLAVGAALLGAAG,17,0.0
AO090001000267,MKLIWPTSLLFTALVA,16,0.0
AO090001000311,MVLKYIFWLWMAATAVV,17,0.0
AO090001000336,MDHRGSFFFFLVVFYLLLSSQ,21,0.0
AO090001000348,MASLSLSKICRNALILSSVLSTAQ,24,0.0
AO090001000403,MFRSLLTLTKLAS,13,0.0
AO090001000556,MRFTATAAALVASSIPATL,19,0.0
AO090001000578,MIVLSLFPLFLLVALSSLTY,20,0.0
AO090001000582,MPSLRRLLPFLAAGSAAL,18,0.0
AO090001000641,MTRSTTSLAKYIHAIRDSPRGIYNHNLAVVVVSFALC,37,0.0
AO090001000694,MKYTLGLLALAGTAL,15,0.0
AO090001000698,MRPITAFTALCGFLLSSSSLVC,22,0.0
AO090001000747,MKLFTFIIALFYIISSAC,18,0.0
AO090003000022,MIMAFDEVVTVILVVLSILLYGTCSTA,27,0.0
AO090003000028,MLLRTVLWLCFLLVAPSE,18,0.0
AO090003000032,MIFLRSFVLSLALSPLLAS,19,0.0
AO090003000033,MAVTMLLVIALSSLSVVL,18,0.0
AO090003000036,MKSTALRLVVFAVLCVLAT,19,0.0
AO090003000042,MRLLSFIYLVWLALLTGTPQVS,22,0.0
AO090003000083,MNAFVTLLVALFLGYQVS,18,0.0
AO090003000093,MKMMGSGIAALGLMTIVNTMSAM,23,0.0
AO090003000150,MRFFQIASIVAYAATSL,17,0.0
AO090003000152,MRIQSIALFLGLCTAVL,17,0.0
AO090003000170,MYTSIYFILNTLLASNLASQTY,22,0.0
AO090003000245,MHFPLTLLTTLTTTLLFLPTLTP,23,0.0
AO090003000246,MTRGFLAVFGTLLLSMGAL,19,0.0
AO090003000309,MFSSLRGSQRTTHFWLRALIYWTFVSSLVC,30,0.0
AO090003000323,MKIKPFVLGIASVLSSLVDALPSAG,25,0.0
AO090003000334,MKVFTPIFVLMALATSQAIAAPAAEAESLEA,31,0.0
AO090003000342,MKNLLPVISFAVLTA,15,0.0
AO090003000392,MWQKASHAAIAAASLFASLAS,21,0.0
AO090003000412,MRSLVFTAVSCLPAIIA,17,0.0
AO090003000464,MRLIGAVEEASLTMKTFFFLLWGLACFAS,29,0.0
AO090003000468,MMELRCLWCPQWALWLLFVSYSC,23,0.0
AO090003000492,MKNLWLWRFLPLAFLLLQALAVE,23,0.0
AO090003000524,MHPLLLLLYSTLAL,14,0.0
AO090003000530,MQWTWALITALATATS,16,0.0
AO090003000553,MKAFTFLGAAALFFSPAL,18,0.0
AO090003000587,MHTSTLLLVLSSLGAQAIPLLRPKANDILAR,31,0.0
AO090003000594,MKLNFASGLVLALATVEAVG,20,0.0
AO090003000630,MSHLLFCLSLVGLSS,15,0.0
AO090003000638,MRLSFTVLTAALQAAVST,18,0.0
AO090003000648,MRVSSLSFLLYSLSLLAAVS,20,0.0
AO090003000674,MFLAVLVLAAMVP,13,0.0
AO090003000714,MLATVFLIVASALTAN,16,0.0
AO090003000715,MYTPSIIQGLLLAITLVSSSS,21,0.0
AO090003000760,MKVTYFASILTAGLASVN,18,0.0
AO090003000790,MKFTGLIASLAAVSAAS,17,0.0
AO090003000836,MPSPSSLLRTLCAIALLGLTA,21,0.0
AO090003000863,MQRRKCGDRLTRIMVCGIVLVALSLALGAS,30,0.0
AO090003000893,MNMKVFAILSGLFATSVV,18,0.0
AO090003000905,MKFLTPLVLSSLASAAALNR,20,0.0
AO090003000908,MLPVHIILAGLLSPVVT,17,0.0
AO090003000968,MWISTSRWLPCLYGLVFAVGAL,22,0.0
AO090003000982,MRFSIFGALTALAALAT,17,0.0
AO090003000985,MAPFQLTLSLLLAVITASAN,20,0.0
AO090003000989,MAAFAMLLLALSLLMGSFGSCAL,23,0.0
AO090003000990,MFIKLLNKALLVLGLLSAGTQ,21,0.0
AO090003001017,MRFLRFLLAAPLALAASIPR,20,0.0
AO090003001167,MRSLVPFPKVIALVTTTTALYSHCL,25,0.0
AO090003001168,MRFIQLLPILPALAA,15,0.0
AO090003001173,MMRLLCLLVFVLQDATH,17,0.0
AO090003001241,MYTFFTLSLLMTLTPHVL,18,0.0
AO090003001263,MLRPGLLEVVLLLASPLLLQVK,22,0.0
AO090003001282,MKGLQNGIPIAMLAAMAS,18,0.0
AO090003001291,MRLPWSAWLLSPALLAVACY,20,0.0
AO090003001295,MVLLHPLLTAAALLGASAR,19,0.0
AO090003001298,MHRFSLITATLALASTVS,18,0.0
AO090003001315,MHHLGKVLTAFAACAGLGVAAPSSAQITP,29,0.0
AO090003001336,MRSSIQPTSLLLALTALDLAA,21,0.0
AO090003001360,MSLGYRPNMQSYSLITILGLASATLII,27,0.0
AO090003001382,MPVNMSYRLTWMFLLVVVVGSAL,23,0.0
AO090003001408,MRTPWCAVLALLAGVQ,16,0.0
AO090003001410,MYLRGILSALAVLPFGIA,18,0.0
AO090003001418,MAWKSTFLLTSLLVGSYATPLALHNHA,27,0.0
AO090003001420,MPHPVLLLLIALHWCLIHTL,20,0.0
AO090003001432,MARLSLLLAPLFAVLPLVSAFPAQLPA,27,0.0
AO090003001456,MTLSSMFVAITLNLLSTLCQKTI,23,0.0
AO090003001458,MTLRNPILATFVAVSTLLSVCH,22,0.0
AO090003001500,MKWAFSSAVLALFATTVK,18,0.0
AO090003001509,MRTIIVSLFVVVLAS,15,0.0
AO090003001515,MKSYLYHAVLLLTAPLVT,18,0.0
AO090003001518,MHLLHTILFLLPLASLAVPSAPSSNLNK,28,0.0
AO090003001533,MRESLQAFIFSMLLLGCNIAPAH,23,0.0
AO090003001534,MKSPFVGWMLSIILLTPFAATN,22,0.0
AO090003001590,MQPLRLLALTAILKGAW,17,0.0
AO090003001591,MMVAWWSLFLYGLQVAAPAL,20,0.0
AO090701001070,MATTLYLFLHLVLFSAYHGLTY,22,0.0
AO090701001076,MPKKTSKEGRRRYLPKSINLNLNMKLSGRLSARYISTLCLFVTGIY,46,0.0
AO090701001088,MRLFTLPIAILLCFFQTIL,19,0.0
AO090701001113,MRFTLSSLALLVAATAVA,18,0.0
AO090023000001,MSSGLSLERACAVALGIVASASLVA,25,0.0
AO090023000004,MQFNMIVALLAIGAPLAY,18,0.0
AO090023000017,MVSTSALRSVAAVMIALAIPASAAPQPVSK,30,0.0
AO090023000024,MKTFLPLVSLLMGVGMTSAAPALKVAAE,28,0.0
AO090023000027,MWVLKAAIVSGLLLPPTL,18,0.0
AO090023000038,MLNLQSFGIVLPLLAGTAL,19,0.0
AO090023000047,MRSALNILAGAATLTVAQ,18,0.0
AO090023000053,MPKTSCPVLSSVINMYFAGSSLVLLLATHAL,31,0.0
AO090023000058,MKAIAALALVGGAIAAPTKTVES,23,0.0
AO090023000059,MRVSSVILPLAGTLLVE,17,0.0
AO090023000080,MAYSILQIALATLLGYFVLVD,21,0.0
AO090023000083,MSSSSFVWTVGSIALSSLITPTI,23,0.0
AO090023000089,MASNLMFRMLQVPLFAFLLSLCLVFPTAH,29,0.0
AO090023000094,MKATTICSFLLATGTALAMPAK,22,0.0
AO090023000095,MFDITMARNSIIRVLFVWITTIIYLFGSIL,30,0.0
AO090023000117,MVHIRLASVALLHSLLLTYGL,21,0.0
AO090023000151,MLPKIFYLSLLPAALGHPHLQP,22,0.0
AO090023000157,MLSYIIPFCIYLYFSLAVL,19,0.0
AO090023000158,MIKSIILQAIMVLSTLTSVH,20,0.0
AO090023000159,MKLSFLALAAIAPFVS,16,0.0
AO090023000161,MQLLQSSVIAATVGAALVAAVPVELKA,27,0.0
AO090023000216,MQLIHHMIILFASLAA,16,0.0
AO090023000224,MYRNLILLLATYLVTLAA,18,0.0
AO090023000239,MHFSPLTIIVSAIACSATYVTLQPSSK,27,0.0
AO090023000263,MKTSFLLLHTLVAGVLAIPTRTDYVLHER,29,0.0
AO090023000269,MAELSLRRLCIFALGLFSLVA,21,0.0
AO090023000279,MKSRHVRSISGLLLGGTGIL,20,0.0
AO090023000324,MFCNFAILFIWYLLCRPSL,19,0.0
AO090023000325,MKAALCFFWALSLATVSS,18,0.0
AO090023000330,MRILLLLLIQAAVAA,15,0.0
AO090023000334,MGRRNRIVASLLTLACATSTAL,22,0.0
AO090023000335,MKLLLSFSIAITAIFLSLYSSHFK,24,0.0
AO090023000373,MRIQSLVVLGTVFSGAI,17,0.0
AO090023000386,MRLQIPFLSLLSLLLFASFSH,21,0.0
AO090023000393,MKFTTAIATAILAGSALAAPERGLAARVKA,30,0.0
AO090023000401,MHFQLLGLAALGSLAAAAPAPSRTSELVE,29,0.0
AO090023000438,MLRQIIGTLVLLLMQVFAVT,20,0.0
AO090023000439,MYRFLPLFFLPLAAL,15,0.0
AO090023000448,MVHLFSPQIVLSALLAFIRDAPSSSSS,27,0.0
AO090023000451,MITFIWLFVISLALHGVITS,20,0.0
AO090023000481,MGVTLRTLWLLGLSSAAS,18,0.0
AO090023000532,MRKSRPLCLYLSKSTPATMQRLYALALLSWCSAQVQ,36,0.0
AO090023000534,MPSRLIFITTSLFLTHLSVGIH,22,0.0
AO090023000555,MVRLMSPLAALAGATAAS,18,0.0
AO090023000559,MASHLSKSLASLAVTAAFAQ,20,0.0
AO090023000581,MVYLKRLLALSSLLSLSQ,18,0.0
AO090023000603,MKAATLLSLLSVTGLVAAAPAGNGPAGGI,29,0.0
AO090023000621,MHIRTAITAGAALVQTAVAASVQ,23,0.0
AO090023000685,MKPTTAAIALAGLLSGVT,18,0.0
AO090023000690,MQLWNTVLQLSLLAFTAAPTAAAS,24,0.0
AO090023000722,MLGSWGLVPRSTSVWAAALIILCQLVPLAV,30,0.0
AO090023000732,MSSANSGLFRPLLTIGVALLYFLLAGQ,27,0.0
AO090023000787,MAMSKIVSLTGLLASASLVA,20,0.0
AO090023000803,MMVKTSLFLFIISGGSCS,18,0.0
AO090023000834,MMASASSTSWLSSVLAFCAILCLSVPVN,28,0.0
AO090023000843,MHFNNKISVALLAALAAGSE,20,0.0
AO090023000919,MRPAFFLAALASLASTH,17,0.0
AO090023000952,MARTTLSFYAVCFILALTGSALPAK,25,0.0
AO090023000968,MHKSILTRTTLLNLILNPLLTIPTRASTTIAP,32,0.0
AO090026000043,MKTSTVIGFLAMLSSQAL,18,0.0
AO090026000063,MKLLLLTLSAALASAL,16,0.0
AO090026000072,MRFTLACLAALASSAA,16,0.0
AO090026000083,MRPLSHLSFFNGLLLGLSALSAATSVVHER,30,0.0
AO090026000102,MKLSLALATLVATAF,15,0.0
AO090026000103,MVSATRLLLLLPFLGAL,17,0.0
AO090026000108,MHFSVFHILLASLISIAQLAS,21,0.0
AO090026000115,MSKKQLALALTCALSFSPACAI,22,0.0
AO090026000122,MRSFYAVVPLALALRAA,17,0.0
AO090026000125,MMYSGALSLTLATTLAN,17,0.0
AO090026000127,MRWSFLTVLLWLVSLTG,17,0.0
AO090026000145,MKGLLFVLSAIFGITLAA,18,0.0
AO090026000148,MITILYQVILCFLVTSESLIKLTS,24,0.0
AO090026000156,MNLPTLIALLTTLTLHLTTTTT,22,0.0
AO090026000195,MLFINVLLVFLAILHAE,17,0.0
AO090026000214,MQLKNAIHFTVFGCAILAL,19,0.0
AO090026000220,MARIHLYSWMTLFAGTF,17,0.0
AO090026000221,MAQLQYLFAFILVQLQLAG,19,0.0
AO090026000252,MQVKLFYTLALWAPILVS,18,0.0
AO090026000257,MKSLIWALPFIPLAY,15,0.0
AO090026000367,MWPTRSLSSLFFLSLALGSPVS,22,0.0
AO090026000428,MLLPRLSSLLCLAGLATMPVAN,22,0.0
AO090026000447,MQLSSVFTVALSALNFASALPLHR,24,0.0
AO090026000523,MKWGFTGPLLALLAATAA,18,0.0
AO090026000557,MKVTTIASVLCLAATQLVA,19,0.0
AO090026000588,MILNLPLLAVLSGAGVTW,18,0.0
AO090026000671,MLKHQSPLRALVLSCSQTVW,20,0.0
AO090026000680,MNAIIFISVVSSGNAQAY,18,0.0
AO090026000686,MLISNFHVITAAAAIHTSLAS,21,0.0
AO090026000748,MWHTNKVSFLNLFTLILGAVESS,23,0.0
AO090026000757,MKVTTIIWLWLITAH,15,0.0
AO090026000776,MVQLASTLVAGLAGLASVVS,20,0.0
AO090026000801,MHISNHVVTALAIAAGTAS,19,0.0
AO090026000812,MRFFTALSLFISGAAIASALPSSSET,26,0.0
AO090012000006,MAMLFTPIAAASLLAVVGTQPTGVF,25,0.0
AO090012000013,MWSAYLFIIAALAIQLETGE,20,0.0
AO090012000032,MRLTSPMSLVMPMAILGISTIQGAA,25,0.0
AO090012000041,MRPSFVLLAFLLGFAS,16,0.0
AO090012000042,MLPLLFLAVFLAPGVM,16,0.0
AO090012000045,MSSWLPSLLLFGNLAIAS,18,0.0
AO090012000046,MRFNVLATLVGITIPQIAL,19,0.0
AO090012000069,MWSWSPTIAFLWLVELLRPSW,21,0.0
AO090012000083,MKSTALLTGLGLLASLGLASPVT,23,0.0
AO090012000090,MHHIQSASLLTALLSATKVA,20,0.0
AO090012000091,MKVPFVLLASLCANSALTT,19,0.0
AO090012000092,MKASLSLIVAALAAGVV,17,0.0
AO090012000103,MRWLPLFALVAADIWSAVT,19,0.0
AO090012000116,MARNTRFILVLTLFILFAVAV,21,0.0
AO090012000121,MKPFLLLSSLLASSAL,16,0.0
AO090012000135,MHAIAGLTGLLAGVSLSY,18,0.0
AO090012000141,MLLQAWLLLVLYASFTY,17,0.0
AO090012000157,MPWAGLATLFLAVAGVH,17,0.0
AO090012000180,MKTSNILLCLAPAVAL,16,0.0
AO090012000186,MARFSFLSLALLSVQALIGGSL,22,0.0
AO090012000209,MRFLLSFLITLSIACGVL,18,0.0
AO090012000230,MASGTNMGFNALLIICLVLVVLPSQVH,27,0.0
AO090012000298,MLRKRFLLPLLAACGAAVEISV,22,0.0
AO090012000320,MLCILLYLLWTGAV,14,0.0
AO090012000350,MLGIKILPVLLFGAIAQ,17,0.0
AO090012000352,MRFSPGLLCLIGGLLPAIVS,20,0.0
AO090012000356,MQLKQLVLPALALSGSALGSPTPAK,25,0.0
AO090012000359,MGFPSDSLLLVLSLVLNCSW,20,0.0
AO090012000370,MKVSTLLTTLCVLGVAS,17,0.0
AO090012000422,MDYYAALNPNPPYMFRRILLLLFWLIGLPAST,32,0.0
AO090012000433,MRSTFVFIACITAYSF,16,0.0
AO090012000443,MLLAIVSTLALAGPAF,16,0.0
AO090012000445,MKLLSVAAVALLAAQAA,17,0.0
AO090012000451,MKITSTIPAVLLGLAPLSAAVSVSGSAEGF,30,0.0
AO090012000458,MQFKLSALTALLAASASVY,19,0.0
AO090012000462,MHFQALPVLATVLALPYLAF,20,0.0
AO090012000471,MPGGSASLSSFRIMAALLVGLLCCLPGVF,29,0.0
AO090012000481,MKTFTSALIGAAALAQDVN,19,0.0
AO090012000509,MHFSTILPLLTLAHLPVTS,19,0.0
AO090012000542,MVAFGSMRLPLLLLLLNVTFGS,22,0.0
AO090012000544,MKSAIFSPILFSLAL,15,0.0
AO090012000656,MKLQPIPLFLSLSLLFILPTH,21,0.0
AO090012000663,MRFFKYLVFAAPLALATPRPNPVAA,25,0.0
AO090012000664,MKFAWLLACLSATVLAAPEK,20,0.0
AO090012000667,MFKRGLFSSLASLFLRTVT,19,0.0
AO090012000684,MRVINLLQTWSVGGSLIVFGLWFQ,24,0.0
AO090012000721,MRTLALLAIPFLSSAIPLHQ,20,0.0
AO090012000736,MIVRPSAIHLLLVSTISMVA,20,0.0
AO090012000739,MGGAFALTLIMVFFWMPESAY,21,0.0
AO090012000744,MPIFSTSILSSSNKMYRAWIIISLILSVFAI,31,0.0
AO090012000746,MWLQLRFLRSCSLLLLINLVVICGFAD,27,0.0
AO090012000749,MVKSLLVSGLFAATAL,16,0.0
AO090012000751,MVSKPLLTQLLLLFSIFGSGSL,22,0.0
AO090012000766,MLTTIICLSALWVAGN,16,0.0
AO090012000793,MFVSKLIFAALAATTAIAHPGPDHAVP,27,0.0
AO090012000794,MVQLASTLTLGLASIASIVS,20,0.0
AO090012000813,MRPLSTVSALAWLGGFQALPVN,22,0.0
AO090012000834,MRAPHLFMAALAANLAT,17,0.0
AO090012000878,MLVVPLLAWALGPAPLAVQ,19,0.0
AO090012000910,MRVMIRLLPLLAAGGILPTW,20,0.0
AO090012000917,MRASLPFLTALGCIPAAL,18,0.0
AO090012000921,MSIYTYIYPLLLLLNQSQ,18,0.0
AO090012000941,MHQRALLFSAFWTAVQ,16,0.0
AO090012000993,MVPASQLSCNRVGLLCLLFIMASRFPRSN,29,0.0
AO090012001025,MSHFPTLHILILVIANLQIQCF,22,0.0
AO090102000010,MHGSLLKLALLSFSLGSSAAVLP,23,0.0
AO090102000011,MISLNSIFLLSLVGLSRAAPSRSETSPDRTIKP,33,0.0
AO090102000013,MKVSLWLTLLGVNLSLAL,18,0.0
AO090102000020,MKAVLSLTALQLLASYVT,18,0.0
AO090102000035,MSPSPRSLLAPLLLATCVS,19,0.0
AO090102000038,MLWWLCVALLLVHHSL,16,0.0
AO090102000044,MLFIKAIALTGLAVSQVS,18,0.0
AO090102000053,MLISSVSLLLASAGLSQALPHAGTK,25,0.0
AO090102000058,MKLVNRLLASFLSVSTVLQSCW,22,0.0
AO090102000072,MRLTPSLISCLSLLHFTS,18,0.0
AO090102000073,MLSVYVLRILSCLLLLFQVAQ,21,0.0
AO090102000079,MQGQFPGDLHTRVDNFPTNFRRHCTVTMHSSLKLLLSAASLLPLAQ,46,0.0
AO090102000089,MNLLLLALTLLTTLTS,16,0.0
AO090102000097,MRPSTLAAGTIASLATLIQ,19,0.0
AO090102000139,MFLSRVFCVLAALACVS,17,0.0
AO090102000145,MKFSASLPLFATLAA,15,0.0
AO090102000171,MRCLSFCQVGLAVLVFLSGQGAL,23,0.0
AO090102000180,MRISRLLTLGSFWHLLAVVL,20,0.0
AO090102000201,MPQYLGCFVMLATILSIK,18,0.0
AO090102000263,MRSIAYLASGLPVAL,15,0.0
AO090102000269,MHFHVKHAILLAAFFGLHLGTSVG,24,0.0
AO090102000296,MRLFPVSQGLVSVAVAVTSTAWGVR,25,0.0
AO090102000310,MRAQALLSFAIMASTAT,17,0.0
AO090102000331,MTEILFAFMLLGSLAL,16,0.0
AO090102000344,MKSIIWFSLFTAAF,14,0.0
AO090102000346,MYRSLMLIALYISALAA,17,0.0
AO090102000352,MRISFFFLFSILPLHVW,17,0.0
AO090102000359,MMIMLNVVLILLVLVIARVQ,20,0.0
AO090102000383,MGLIITTIALVLSALSWLDCAV,22,0.0
AO090102000409,MYLARAWLALWLVLHAQQGQ,20,0.0
AO090102000438,MRVQAFIFVLLGLGKSY,17,0.0
AO090102000460,MRLRSSLCIGALFTLAT,17,0.0
AO090102000528,MRFAALVIGLLATFVSTVT,19,0.0
AO090102000531,MNPKTILLLLTTITLSTAIPFSQ,23,0.0
AO090102000533,MTNFLRFWLSFSLLVTLSLQQ,21,0.0
AO090102000546,MAPLKTLVALLSANVLTSVL,20,0.0
AO090102000559,MAGRRLLSTRWTLLLSLVILLGCLVIPGV,29,0.0
AO090102000563,MSLTYCQVIVLAFLMTINGPG,21,0.0
AO090102000575,MNLPPPLYLLFFLLIQSVY,19,0.0
AO090102000607,MLHTWIRTLGALLLLASVAH,20,0.0
AO090102000634,MRLFHASTSSLLFLLSTVVVTS,22,0.0
AO090102000649,MGGDGSFGERDTISRRDLPHLSRCFVSTTVLALLMCPDHFH,41,0.0
AO090166000050,MKFTKKILTTLGLLGVTE,18,0.0
AO090166000071,MTTRKLLLFLGLAGLSL,17,0.0
AO090166000075,MKATDLFHVTALVAGAL,17,0.0
AO090166000079,MVVFSRTLFSLVAILVPIAS,20,0.0
AO090166000088,MIFNLWILGLGLGLFLAAD,19,0.0
AO090166000097,MKKLLNILAAGFFGFAVQ,18,0.0
AO090701000959,MRLRTSLGVASACASVAS,18,0.0
AO090701001147,MQLISILTSLALTATTLAAPGTDLKE,26,0.0
AO090701001161,MRVATSVAFASLLAMAQ,17,0.0
AO090701001162,MRLLLPFIVLPLAAL,15,0.0
AO090113000017,MQFHHQLLAVLALNAAHAW,19,0.0
AO090113000019,MTGRELVNITSLLTSIPAVG,20,0.0
AO090113000024,MKLILTLLVSGLCALAAPAAK,21,0.0
AO090113000039,MAIISWFFCIGICVVSLAW,19,0.0
AO090113000054,MRFLRAGALAASLSATSAL,19,0.0
AO090113000057,MFLPSRKALAFLACLASHSV,20,0.0
AO090113000058,MKGYYSLVILALIGIAFALLEEKLV,25,0.0
AO090113000059,MAVRRLASTLLALAACAN,18,0.0
AO090113000074,MALLLKILLAALPAVVA,17,0.0
AO090113000076,MRVTSLLTLVSTFALLAAAARPAAMVR,27,0.0
AO090113000091,MFVWSILLTLLLAGTSH,17,0.0
AO090113000105,MKPVTLLSLASLAA,14,0.0
AO090113000125,MQTRLLCLAALLLPQYGL,18,0.0
AO090113000130,MHLWGLLALTGAIWSARTE,19,0.0
AO090113000144,MRILAINLILAASAL,15,0.0
AO090113000145,MQLTRLSAVLLLSGAY,16,0.0
AO090113000155,MRFSALGLVAALLSQVQASPVA,22,0.0
AO090113000178,MVSKNLLAILAAAVAVQGSPLDK,23,0.0
AO090113000180,MKFSVISILAVAFLTVGPAG,20,0.0
AO090113000196,MTRNQTHRLLISSNTPPILQAVRYSIIHIKICHKSITMQLSIFTVILPSLVAFASAAPSEK,61,0.0
AO090113000198,MIWKALYVIAALLTKVW,17,0.0
AO090113000199,MNLWLLTLWVTLVT,14,0.0
AO090120000005,MKLFAILSSTVLASVALASPLTLER,25,0.0
AO090120000006,MQFTKSLLLLAALTTGSL,18,0.0
AO090120000014,MSLSLCAPWRLLYAILLTIALVN,23,0.0
AO090120000026,MVSFSSILLACSAAIGALATPIEP,24,0.0
AO090120000043,MTAFTILLGLAVPSLTAAN,19,0.0
AO090120000062,MKLSKILSIVLATLSVGVSSRPTTL,25,0.0
AO090120000069,MNLLLLAGLLPLAA,14,0.0
AO090120000073,MKSISALAAIIPLLPVTE,18,0.0
AO090120000158,MLISKTVLSGLALGASFVGVS,21,0.0
AO090120000167,MLNVTSPWALILSLLTAIVS,20,0.0
AO090120000191,MKYFLLILSCLLLLTETAL,19,0.0
AO090120000195,MIFPIVALLQLVLTAF,16,0.0
AO090120000196,MMVAWWSLFLYGLQVAAPAL,20,0.0
AO090120000200,MNLIILLVLLLSGIYCLE,18,0.0
AO090120000208,MLTYRKSLIAALFLITFVVLLRSSH,25,0.0
AO090120000218,MNLKLTTWKSGLGLLSFLFLTPTVV,25,0.0
AO090120000229,MAPAMSLVTLAVASWSLVYGVT,22,0.0
AO090120000232,MRFQGVVPTALLAISCTDKAC,21,0.0
AO090120000260,MAAFSYIIRLICIFMLLCHTH,21,0.0
AO090120000263,MAFAQKLTHWICAVSALTLLLPAL,24,0.0
AO090120000309,MFVRQLLGLLAVGTGLTT,18,0.0
AO090120000359,MKGWLQTFCLTALLAGRAL,19,0.0
AO090120000368,MEIIIFHKYIMLSYSAGGPYKPDQPPRSKTFSHTASYKPPKKMKSLTIFLFSLLVLIATTA,61,0.0
AO090120000430,MHLFSTLLTLALLATAMAHAGPHDILS,27,0.0
AO090120000455,MLVTTVSLLALSAVAS,16,0.0
AO090120000471,MLFNNPSTILVGALGCMSLLSQRAY,25,0.0
AO090120000488,MKTTVFFALVLIFLFARPGG,20,0.0
AO090124000009,MQSKTFSVLSSCLLLIATVQ,20,0.0
AO090124000023,MVALSTLSGLSALPFLFSLVQNVY,24,0.0
AO090124000032,MLSPLFFTAALAA,13,0.0
AO090124000035,MHLRAAFLALCWAGVPAL,18,0.0
AO090124000036,MNLLSLLSLSAISAIAW,17,0.0
AO090124000038,MMSFTKFILFILSLLSVVS,19,0.0
AO090124000043,MNGRRLPGAFLRICLIVLLYGAEIAI,26,0.0
AO090124000048,MAYRTAIDSVLSATSSIHHHTNAATAVVYNKLARTAMHFNSVFSVLLSCGLAA,53,0.0
AO090124000056,MWNMTLLAIGLFFLRRTGSIRNYPQFYSLFEFPIRTRSKKMQIHQLVLFSFVGLAASAPVAEDK,64,0.0
AO090124000057,MMSLIIVAMLLCAGLSS,17,0.0
AO090124000063,MKNLTFGVYLTALAGVGSAAPHF,23,0.0
AO090124000067,MMLLNMRSIVCKALALVACATTVS,24,0.0
AO090701000104,MYSINLQTFLSFLLLALPVLSY,22,0.0
AO090701000113,MLGITLMLHSTS,12,0.0
AO090701000141,MHLSKLFTLSTSLFYVVA,18,0.0
AO090701000215,MIIFKPFLQALVATVLLTLSLGRASL,26,0.0
AO090701000227,MQITKSLIATTVALYTSVVL,20,0.0
AO090701000260,MYREEKLTNAQMKLTAIATLAYGISTAS,28,0.0
AO090701000274,MVSGVFTKGVLLLGLLSGLAL,21,0.0
AO090701000298,MKLFISSILSIGCLAKIAN,19,0.0
AO090701000300,MHLTYLCVLIQCLLLSPVG,19,0.0
AO090701000315,MYTFPLLLGILAATKDLAL,19,0.0
AO090701000321,MANFKLFLALAACLSGQALAAPTKTIGK,28,0.0
AO090701000336,MVMRSLKFWASSLLCATLLRECH,23,0.0
AO090701000342,MRYFFPFAVAIMAFSAS,17,0.0
AO090701000345,MLLRVFVRIFSLLLLARIAW,20,0.0
AO090701000354,MTPLPGSNRAMLVALWLMFALLIEFSD,27,0.0
AO090701000355,MKVMFGTWLLWGLAT,15,0.0
AO090701000366,MTYPLSRTTRILLLGLLALTYLFPPVH,27,0.0
AO090701000367,MAYSPLRTLVGLVAVFHFFIPAL,23,0.0
AO090701000382,MNRLLKLAFLSLVASSAI,18,0.0
AO090701000385,MHYIQYGIGCLLSLLLTGAK,20,0.0
AO090701000400,MYIKPFILPALAAVAQ,16,0.0
AO090701000422,MIAYGLLTLIVSTAAV,16,0.0
AO090701000433,MNVLWALFACVWIQHAA,17,0.0
AO090701000464,MHNLMVALTLLSALVAGVF,19,0.0
AO090701000481,MYLQSSLALVLLRAAVVH,18,0.0
AO090701000484,MGWFPTKLDSEESKWHFDILILLAVIGSSA,30,0.0
AO090701000492,MKLLNIITLLSTTSLAVAGGLDT,23,0.0
AO090701000501,MQTYFSTDFKTVLMCFISTIE,21,0.0
AO090701000505,MLSVYEGLLDMIALIIALLSGTPSL,25,0.0
AO090701000507,MSNALLGFWTTLLVAVLSS,19,0.0
AO090701000545,MKFLQRLLPLAVAFLPMTCAL,21,0.0
AO090701000556,MRSVLLPLSLLPSVL,15,0.0
AO090701000558,MPLYSSYLGAFSVFALATLGE,21,0.0
AO090701000579,MQLQNLILVGSLAAGAV,17,0.0
AO090701000610,MHSTNIFNFFMLAVAAAS,18,0.0
AO090701000626,MLFCVSSDEQEAMALFTTVLFSLFPTIVF,29,0.0
AO090701000634,MTNMVSWKQTFIKVLVLGSAFEGGS,25,0.0
AO090701000639,MLSKMYRWLVALTVCATQLVQ,21,0.0
AO090701000652,MQLRSFLLGSAAVLGAN,17,0.0
AO090701000702,MRLLPLLALLAYLVPCLFVL,20,0.0
AO090701000727,MSFLLTRTSAVLGVGLGLSLSPLSPFR,27,0.0
AO090701000735,MYDAKSLSALLVLLLAAGPASVVSVPVA,28,0.0
AO090701000787,MADPWGMRSTFRPCLVLLAMLSTILQPGL,29,0.0
AO090701000799,MCFRLQTAERLLLLLLSAVGNVF,23,0.0
AO090701000807,MKPQSFIFFALATGVL,16,0.0
AO090701000808,MKFQAPLAMLSLAGVAY,17,0.0
AO090701000813,MARLFSTPRRLAFALAAGLVLFSVLAV,27,0.0
AO090701000838,MLLRLLQAFLGLWAIFPIAS,20,0.0
AO090701000841,MKVLSPLASIALAQGTLCA,19,0.0
AO090701000847,MISSSRGKMAPSTFKNSLVSLAVHLLGVS,29,0.0
AO090701000860,MRILEVGILAMSILCFVD,18,0.0
AO090701000861,MKLSIVISVLATAVAAAPTPHGGHPK,26,0.0
AO090701000884,MRPTLASFCVAAAELAINAAA,21,0.0
AO090701000886,MKVNPFLLGPLMSMATRTV,19,0.0
AO090701000887,MVQFSSIVQCTLLATAAS,18,0.0
AO090701000889,MKGALFFVFYCQVALDLCAVFSPPAQTRT,29,0.0
AO090701000900,MRVDRGMHHMVHLCIIGLALLACTL,25,0.0
AO090701000904,MKKPSQKENKTQIMTTMFRFLPFLALVTTSV,31,0.0
AO090701000905,MTSLTSLITIVAFLPFAV,18,0.0
AO090701001009,MRGLRSLASLTILGLVN,17,0.0
AO090701001214,MGFSWYGVLVYVQLISSTIVY,21,0.0
AO090020000010,MILLSLESLTVFLAVSS,17,0.0
AO090020000130,MGRDPFLPPKFQATLALLNIHCCNLLVNCEYFNRIAMRLFVGHFVLSFLLFSLNIGCAS,59,0.0
AO090020000142,MKSLPLLTTLLLTLTTTPTTQ,21,0.0
AO090020000165,MKFFNVLFFFYAALVVSVPTAINDAELDK,29,0.0
AO090020000169,MKSLTFPILLTLTSLAA,17,0.0
AO090020000171,MFTLLFLLLGVICPTF,16,0.0
AO090020000191,MAGRSPTRLLFTLATPSLLVGY,22,0.0
AO090020000208,MKWALFYLICLPVCW,15,0.0
AO090020000212,MAPTLSSANLILAFFALLTSSR,22,0.0
AO090020000231,MSSSKTVALFTLALASFKGAL,21,0.0
AO090020000233,MRTSSRDYLMLAMLAMPQAHLAS,23,0.0
AO090020000257,MMFTCNWTALLCALLSILSVCV,22,0.0
AO090020000258,MKFSSTSALVAALVAGVN,18,0.0
AO090020000276,MRFEIPILVALTAGGSIVS,19,0.0
AO090020000288,MHPKTLPWIVGLLSPTVT,18,0.0
AO090020000289,MKDVPCVNPSIRIMMHFLSFCLSVASLVSYAG,32,0.0
AO090020000381,MGFFHSALSFLMGAFSQTM,19,0.0
AO090020000387,MKHFMHIGFAASLLTVCW,18,0.0
AO090020000404,MRSSGLSLLVGALLASASPLKTS,23,0.0
AO090020000407,MKANSFLIALLPTALAIPLPTPNE,24,0.0
AO090020000438,MRTFQSSVSQWMAFLLMCLGLAN,23,0.0
AO090020000460,MPSKPNLIFLTLLASSNVL,19,0.0
AO090020000461,MHLTAALTLFLAAAQ,15,0.0
AO090020000468,MRWCLSLLLFGFLAVVH,17,0.0
AO090020000512,MRFTAASLVTLGLLASALAFPAPANSLGV,29,0.0
AO090020000530,MRLQATLLLLASCVPSAL,18,0.0
AO090020000533,MSHEIDNTRSKRMLLLLYLTAFLFFLGENIQ,31,0.0
AO090020000542,MRWTFSFTSLFILWIFLFTNAL,22,0.0
AO090020000562,MRFLQLLAVSLAAGMLPVR,19,0.0
AO090020000588,MQFSVAAVLALATAVA,16,0.0
AO090020000631,MRLLHCALPLASLCAPGVL,19,0.0
AO090020000661,MPTFLFLAALLSGAGVF,17,0.0
AO090020000697,MHFAGIVAIALATGAT,16,0.0
AO090020000702,MKLLTVAFSLLLLGQVHASPLVLDK,25,0.0
AO090020000712,MILSTVLSLAAGVA,14,0.0
AO090020000715,MPSFIYTFAINALLAGALVAQIAN,24,0.0
AO090038000009,MQFSRTLGFLSFLSLALSVPTDTHTHHL,28,0.0
AO090038000027,MFQHLLTAVGILSVATD,17,0.0
AO090038000067,MGSFMVRVLGFSGPINLCFPKLVLLAFLSFSNVAR,35,0.0
AO090038000075,MKTTFLTLLVLFVGLVV,17,0.0
AO090038000081,MAILFKLSLPIWALAVVQ,18,0.0
AO090038000093,MKWTAILIALSAVSTQALES,20,0.0
AO090038000117,MRFTTVFAMLAAAMGVV,17,0.0
AO090038000118,MLSLAFLVYATGTLAA,16,0.0
AO090038000119,MLLHLLFGLSVAVGLSA,17,0.0
AO090038000122,MILSLYFGLATITASLAS,18,0.0
AO090038000131,MKEVLACLYVPTIFSCPGCRKLRNSAKMRYHIVYALTAAASLSA,44,0.0
AO090038000133,MQLTKAILALALVVSPILAAPTEVGEGSVNTNVEA,35,0.0
AO090038000158,MLIFVALCCFACTVS,15,0.0
AO090038000175,MVHLSRALAALSFSASALALPALSSRAQ,28,0.0
AO090038000191,MPGPWSTKLYLLGYLQIAPAL,21,0.0
AO090038000195,MISHVFFAWYLLLLSIFDGGVV,22,0.0
AO090038000201,MYYLKIIFAALTVTTAI,17,0.0
AO090038000209,MRFQYLFLTLGATLSAA,17,0.0
AO090038000212,MRPRFSATLILLLGMMGNFGSLLE,24,0.0
AO090038000215,MRAFIILPLVTSILAAPTQTLVR,23,0.0
AO090038000223,MASIAHLVVSGLLAATAVN,19,0.0
AO090038000228,MFGTPLLLLLPLTTSVL,17,0.0
AO090038000229,MKPILLAVPLLLSYTA,16,0.0
AO090038000230,MLCALLLSAGMLVGPVA,17,0.0
AO090038000231,MKFSVLSILTLGLTAGALAAPANME,25,0.0
AO090038000273,MRSGFHKPGAIPFLALLVFSLLSLLSL,27,0.0
AO090038000274,MVWKEIPMLPILLFPIVSTLIGSVL,25,0.0
AO090038000286,MRATFILAAFAAVAA,15,0.0
AO090038000418,MKIQTLCSLAAVGLAFAKPIHNLEE,25,0.0
AO090038000419,MKFQTLFSLATVGLAFATPVHNLEA,25,0.0
AO090038000425,MLSPQALFGALVLLSAPSAVV,21,0.0
AO090038000444,MRSLSSIALLSVVGAAS,17,0.0
AO090038000445,MKFFIPCIAAIFATGVLAAPTPDASLNVPLDK,32,0.0
AO090038000467,MRGLRFIPVIASLGSVFIPQSL,22,0.0
AO090038000480,MIKSTISTLLATAALVS,17,0.0
AO090038000481,MKTERTVILPWLLSASLAL,19,0.0
AO090038000493,MLPKICYFLFYLFLTLVAATPVALEE,26,0.0
AO090038000502,MFSRIALLPAFLPVAL,16,0.0
AO090038000504,MKFSIAAVAGLLSAVS,16,0.0
AO090038000518,MKISTTFLYTFLAITTLGVASPTGNNAVA,29,0.0
AO090038000552,MHSLSLISLALLSPLLVN,18,0.0
AO090038000572,MLPNLGILILPLLALPTS,18,0.0
AO090038000622,MKIASISAILLLPNAAIGIPRSD,23,0.0
AO090038000633,MSDTVQKLCLLLSLILAFSAQAH,23,0.0
AO090138000004,MSFSKVAIVLLASLSLVA,18,0.0
AO090138000009,MAWLYNVFGLLLLTGLCVQPSL,22,0.0
AO090138000019,MRVSITLLISTFVISAY,17,0.0
AO090138000052,MYHYFNVLCALLIGVAQGTPLLGSPTHHA,29,0.0
AO090138000056,MVFLDLYVLHSSVSLPPIPSTTVVSSHSILAFLIYSVQGTMRSSVLLLSTLAGSAL,56,0.0
AO090138000086,MLNIMTRRVLSATLFILQCAS,21,0.0
AO090138000095,MWHRNNFGVLLISLLLLRVH,20,0.0
AO090138000114,MRTYSLFLLFVPLLFLLAHVQ,21,0.0
AO090138000119,MLFPTLVVTAAFAGGTL,17,0.0
AO090138000120,MRVLDIAYLGLAALGLAR,18,0.0
AO090138000122,MMIISQMALLLFSTFLAGPVA,21,0.0
AO090138000136,MRLQAFILVLLGLGKSY,17,0.0
AO090138000160,MHMLLFIGALALPVFVC,17,0.0
AO090138000204,MKLLSVTFAALLGLTQLGV,19,0.0
AO090701000967,MHSRSLGIVLIRLLCIFRDSP,21,0.0
AO090701001002,MIFSDWVMQLSAAALFLALPKSVA,24,0.0
AO090701001230,MKIQLFWFLTTTSLVF,16,0.0
AO090701001244,MKSFLGIALLVGLPFCL,17,0.0
AO090701001246,MALLAKASSLACLLVLAFLALASISH,26,0.0
AO090701001255,MQIYSIVAAATLSLAGTAHAW,21,0.0
AO090011000007,MATFSPIPAYVLGTLTLALGCNAV,24,0.0
AO090011000010,MQSLITLLALPASTL,15,0.0
AO090011000020,MKFQWASGLLLGAATVD,17,0.0
AO090011000021,MYSRNQVLAALATVGITSVN,20,0.0
AO090011000027,MRLSEILAVALVTGAT,16,0.0
AO090011000030,MGSLCRLVAVSASLFAVAT,19,0.0
AO090011000035,MASKKQIIPILLLTAIQASAAPAPQ,25,0.0
AO090011000052,MRFLPCIATLAATAS,15,0.0
AO090011000055,MLAKFSLLSLLLTSTAC,17,0.0
AO090011000078,MKFSAVLSTLMVAGLVAAAP,20,0.0
AO090011000082,MLLLRSVRAHQLLQLVSFLLFTLVY,25,0.0
AO090011000084,MVRLSTFIATILSSTAL,17,0.0
AO090011000112,MKPSFVSLLSLACLGAAS,18,0.0
AO090011000113,MVMLRSLLVSALAALAAGSPIAEPADQSLEA,31,0.0
AO090011000118,MMYSKLLTLTTLLLPTALALPSLVE,25,0.0
AO090011000140,MAPSQPFRVSATVLLSLMAVQTGVH,25,0.0
AO090011000141,MLTQLLLLGLAGLVCVK,17,0.0
AO090011000150,MIFARLMRFSLLSLAWAFQAA,21,0.0
AO090011000156,MSTLISSYLLGLVACAAAAPAAS,23,0.0
AO090011000187,MPGQRWLNRILRGLAFSYVVMLQGGDCT,28,0.0
AO090011000198,MRRPSLWVALGALASEVL,18,0.0
AO090011000200,MRLLLPFLVLPLATL,15,0.0
AO090011000201,MQLTLLTTLLVATSALAA,18,0.0
AO090011000225,MQFTSFKALAIFAASFFAFSAA,22,0.0
AO090011000229,MRLTISAAVLPSLLLLPCFLGDAL,24,0.0
AO090011000236,MYFANTLSIFLASVTFYHQCA,21,0.0
AO090011000270,MRFNTIVALSALSTMAH,17,0.0
AO090011000284,MQFKIFTVLLAIGLPLAL,18,0.0
AO090011000310,MREDKSSKKPKMLSSVLLVLFSAAVG,26,0.0
AO090011000344,MRSFALLPVLCLLVLLGMVS,20,0.0
AO090011000355,MACHYQKLLWVALTLGVSVSALPGSSKAT,29,0.0
AO090011000381,MKVYLWTVAATATLSS,16,0.0
AO090011000392,MINLPQLIWFLCPTVALCNQHVRTIT,26,0.0
AO090011000402,MALNMYFQSLAVASLFCLLAIVR,23,0.0
AO090011000450,MKSSVSALALLFLGAPQFSL,20,0.0
AO090011000451,MVSRQILGVLALALLCLFQSCG,22,0.0
AO090011000460,MAGLTLPVVLLRAFLLLFVLHVPSIT,26,0.0
AO090011000461,MKATILATIALAACSAASPLGSAPHA,26,0.0
AO090011000515,MISGIGPVASWRLSVIVAAVLTCLVH,26,0.0
AO090011000579,MRASLLACSLLSLFSIPTLASPSDKVLES,29,0.0
AO090011000593,MVKASNSVRIAYRCWLCISEGGLVL,25,0.0
AO090011000665,MNLRLLTLALAAVAAASPVDIQE,23,0.0
AO090011000673,MRVTAILTLATIAIASPTKVLNSRNELAR,29,0.0
AO090011000690,MGPIQDPSFFPFSFSSLPLLLLLLSALSTTIL,32,0.0
AO090011000745,MILLSYLLTYLLCALTCS,18,0.0
AO090011000755,MSVLRAVTAFFIWLGLVQ,18,0.0
AO090011000757,MKVTRLAVLNTLATLTV,17,0.0
AO090011000821,MRYLFLIILVAFAALTTAVP,20,0.0
AO090011000874,MLSTMRLACLFLAIALCLVQLVL,23,0.0
AO090011000916,MRFSVAAVFAAVAAGVV,17,0.0
AO090011000934,MRLICSLPVVLPLFSTAL,18,0.0
AO090011000958,MRQSSSFTAGLLSMASLASLTQ,22,0.0
AO090206000018,MRPSTVIISILSAVNSYAQ,19,0.0
AO090206000101,MSPFYTCQHLLRQSNYCLLILPLFVIVPFVH,31,0.0
AO090701001275,MFNLGTAIVTALSLLMAGVANGAPAE,26,0.0
AO090010000019,MVSRRLLSWRQLLLILHTLYGISV,24,0.0
AO090010000028,MGLIRFYTSLALISASAFLVR,21,0.0
AO090010000029,MFLLLIKLATYAAAVA,16,0.0
AO090010000030,MKYAAVLTTVAALASRAL,18,0.0
AO090010000040,MYCFKSSTIFAVLSLLSQAL,20,0.0
AO090010000057,MLYHTVKSLVVALAFGATAAS,21,0.0
AO090010000076,MKISVALGLISLAL,14,0.0
AO090010000077,MKFSIAAIALFTLSAVALPATVVR,24,0.0
AO090010000087,MKFALLSGVAAGLLPVVSAVSVSG,24,0.0
AO090010000096,MWSYFWHIAFTALLTLGRLTA,21,0.0
AO090010000100,MKPTHAYLTAALISGALAAPGSTL,24,0.0
AO090010000102,MLTIPGLFRLALLPIFALLLLQQKAL,26,0.0
AO090010000106,MFLTVMQRSAILILSLLSATAL,22,0.0
AO090010000115,MKSFNFLWLLAAGLITQVQ,19,0.0
AO090010000130,MKTTMAFLFVLFASFVGAAPPVQ,23,0.0
AO090010000136,MYRISIPLVLLLVQQTV,17,0.0
AO090010000140,MKLNLIALFLFIFSFAAASPVAEPDEVDGLEA,32,0.0
AO090010000144,MHTFTSRRLTAALLIIGTVLWFSCFRNGD,29,0.0
AO090010000167,MYLSLRLVSLALCIAPLAS,19,0.0
AO090010000183,MSMTRHCTPGMALYFVLVAICLFQVQAAV,29,0.0
AO090010000187,MKFTAISLLLAASTALASPVNV,22,0.0
AO090010000253,MKLSIPLLSLLATSQVTLAAPAATVD,26,0.0
AO090010000280,MKLSIPLLSLLATSQVTLAAPAATVD,26,0.0
AO090010000310,MKTTFAVIISVLTASISAAPLEA,23,0.0
AO090010000314,MIWTLAPFVALLPLVT,16,0.0
AO090010000340,MMFLGHLSLIAFGAWAVHPVV,21,0.0
AO090010000348,MHHFIIIITLYLSALVA,17,0.0
AO090010000352,MQFLIVAASFVAVATAIP,18,0.0
AO090010000355,MRSLWLTALLPLAA,14,0.0
AO090010000365,MKSPIYLLTALLPLTLPLVNATPTAE,26,0.0
AO090010000374,MNQVLTILFLYLSALAVGL,19,0.0
AO090010000377,MQFFRQLLAIGLVVTAAQ,18,0.0
AO090010000387,MHFKAYILAAIATASTAL,18,0.0
AO090010000417,MIYWTTLVLGLLLQLLSVS,19,0.0
AO090010000418,MRSSLVLGVSRLILLVPLLSSTAS,24,0.0
AO090010000438,MKLTRYLSLLTLVLTAN,17,0.0
AO090010000484,MRINTLSLFSLVSLVPTLAL,20,0.0
AO090010000485,MKASLITVIAALASSAM,17,0.0
AO090010000486,MVLLGAFLVLALLQPMAL,18,0.0
AO090010000494,MTPLPKVSTLLALILPIT,18,0.0
AO090010000503,MPLNTHIIILLVSVTSHCL,19,0.0
AO090010000504,MKYASFIAAAAAALASAVS,19,0.0
AO090010000531,MARLSIFCLAYFALTFLSYAN,21,0.0
AO090010000534,MLFKSIVSTAILAAALCTDNVS,22,0.0
AO090010000554,MGLVTQYSLLLAAAAGLPFSS,21,0.0
AO090010000573,MRASLLFAALAPAVSI,16,0.0
AO090010000576,MILYRRAALAAVFCLGAFTQPAI,23,0.0
AO090010000582,MKFATTLLPLLAGASAFCIHSPVMR,25,0.0
AO090010000599,MSKVYLTIIFTVLFLFQCVS,20,0.0
AO090010000607,MMSLLLPLIFVVLAA,15,0.0
AO090010000610,MRLQILFVAHLWLIGCVA,18,0.0
AO090010000615,MPLPRWRFRRLVVLASALAFVFICAVQWSH,30,0.0
AO090010000619,MVFTIAIYSIVLLLATISQSL,21,0.0
AO090010000631,MKAASLAFISFLPSVL,16,0.0
AO090010000640,MRPHVLLPFLLPLTT,15,0.0
AO090010000654,MKLSWAVGAALLGTAV,16,0.0
AO090010000656,MRCTLLFFCILCLAW,15,0.0
AO090010000666,MRFSILALFALASAAL,16,0.0
AO090010000684,MFGSPKRAALAAASLLAVFGNGPSVM,26,0.0
AO090010000706,MYQKLLLVPLLLTSALASPHDASSHQKFHQLNE,33,0.0
AO090010000724,MHYLTSQQLCATLLLLFLHAQTVW,24,0.0
AO090010000734,MKPFTSIVLLAATVT,15,0.0
AO090010000744,MKLSSIVALSGLLAVSE,17,0.0
AO090010000753,MKFFLATLFASAVSSI,16,0.0
AO090010000757,MQPQVTVPLYAAVLGLFCTAL,21,0.0
AO090010000769,MIYRWLLLVSCLLLALLAQRGA,22,0.0
AO090103000004,MHRLTSLLSLSLAIASGTK,19,0.0
AO090103000026,MRGYEFLSVLPLVAASWALPGSTPASVGR,29,0.0
AO090103000036,MARYITFAQFFLLFCLAA,18,0.0
AO090103000056,MRSIFYLTLSAMASLAA,17,0.0
AO090103000074,MRQHSRMAVAALAAGAN,17,0.0
AO090103000087,MKLNLASLSFLASIAPLVS,19,0.0
AO090103000088,MLSLRLSVISVCLAAVNVL,19,0.0
AO090103000092,MKAPYFIAFLAAAVS,15,0.0
AO090103000093,MKFTLAAASTFITAAL,16,0.0
AO090103000109,MRMPRGGLLGAIVCLAGIGRVVE,23,0.0
AO090103000126,MISHIAFFFASVLAASLGI,19,0.0
AO090103000127,MVQLKSFLLLLNVAIAR,17,0.0
AO090103000141,MVSASQLLFCLPVLGALATPTDSTTAQ,27,0.0
AO090103000172,MFGLGSLLSFFFVFATCLAHPGSLAN,26,0.0
AO090103000180,MLPIKSLFLVTHFLSFAT,18,0.0
AO090103000181,MYTIISYATLFLFTFQVY,18,0.0
AO090103000213,MQIISLSKLAILGLAGLAI,19,0.0
AO090103000214,MLFPSFVLATLSLGAAVRSH,20,0.0
AO090103000234,MGIRSSLTRFVPFIAYHHILMGVCTVAIILLSVLLA,36,0.0
AO090103000238,MGFSSIIARLLLGTVAILSFVG,22,0.0
AO090103000239,MHFFTILATLSGTAI,15,0.0
AO090103000242,MRVLSITYVFAVLQVVK,17,0.0
AO090103000281,MQFKLFVAPLLFALAMAAPSFEDGHLAK,28,0.0
AO090103000291,MSHTMTKVFRACVVLTLFLLAN,22,0.0
AO090103000308,MAWLMSLGFVHLVSLLSLGE,20,0.0
AO090103000326,MRFQHLTTALAVGVSAHLAQ,20,0.0
AO090103000332,MRVLPATLLVGAAS,14,0.0
AO090103000338,MQLTYKKLSQLAVCCGGDRLQFSLRMKATTASVLLALLSAVN,42,0.0
AO090103000376,MSGFFSRKLLGAIALTFSFLNQAS,24,0.0
AO090103000388,MLLRFLSLTGALCLSSCA,18,0.0
AO090103000412,MAFNKRTFSIYSLLLAAPSLTT,22,0.0
AO090103000423,MVHLKALASGTLFASLASSAVIS,23,0.0
AO090103000466,MKTSTLCTIAFSATALAVPVSVTT,24,0.0
AO090103000478,MRWLISTIWALAVGSSFAT,19,0.0
AO090103000483,MKTSFLLAAIGFLYRLPCS,19,0.0
AO090103000487,MTRYLSFLFLLILFGNSVF,19,0.0
AO090103000493,MRGIVALSFLSVALGVT,17,0.0
AO090701000994,MRLLLIAPLFSAVSYGAQ,18,0.0
AO090701001287,MLFYRAFGGLLCFLYACVTVS,21,0.0
