Accession,length,sequence
AO090005000016,23,MAPSHSFMLFLSVICTHLCSLVV
AO090005000029,23,MHLRNIVIALAATAVASPVDLQD
AO090005000042,23,MKASFISRLLSLTAFAISSNLSY
AO090005000053,41,MGLFLTALGALSSVNVLYSRGRMPLKHLATLLCALSPTVAL
AO090005000059,18,MHLQATLAVGLSLLGLTL
AO090005000064,23,MFSTMTPSLSKLVALSLFLGTAL
AO090005000065,23,MRIFSSIFAVANVLSLSTGRVIP
AO090005000067,17,MRSVSLFLWGLAPLLAS
AO090005000078,19,MKSILYYTSCFIAVLGTVN
AO090005000081,25,MGRQTPVYRAAQTCILGLVLLSFAS
AO090005000093,21,MILPQGLLFFVSLAACSTAVV
AO090005000094,25,MKISYASIMVLLSMTALAIPNPEAY
AO090005000108,17,MHLSSFSLLALGAATAN
AO090005000109,34,MNLRAAGLRKARRQRSFTWLLLLIAVLMLAQISL
AO090005000167,23,MRREYIAVLCAQLTTFALGSHQA
AO090005000188,16,MVCLLAVNSFSLGTIM
AO090005000189,16,MKGLYLTAALFGASST
AO090005000217,23,MRLITRWIPLANALASTMPVQVV
AO090005000231,15,MKFISVIALLAPTVL
AO090005000239,17,MQFTTIINVALLVAGSL
AO090005000251,27,MRRRHSKWVMVILHSMLITQVCRPFCL
AO090005000252,15,MFAKLAFVLLAIEAS
AO090005000253,17,MKFHLWAVALASALCVQ
AO090005000256,55,MHGIFQIQHYPLQDYLLLTDLLRCCLRRQGLTNPSSSTMQFTYTAIALALATTIS
AO090005000298,21,MIRTISLVGAWLIASGATLVQ
AO090005000310,32,MNMKGYMTKHRPLLKLMAFKLVVGLVLLEKVN
AO090005000311,16,MHFTSLLLLLGAPCVS
AO090005000326,24,MIASRALRHSSFIALVACLLQLSS
AO090005000347,23,MPSLSTLKLGAFLGLAAIAPSIE
AO090005000349,18,MYSSLLLTLLATSTKHVL
AO090005000355,19,MLLISILSILTFLCSAPVS
AO090005000365,26,MRQIFILIALFLAGFAASQGAAGSAQ
AO090005000375,30,MRNPSLFRPATAGLSTALYLGSLLQLSPAS
AO090005000383,17,MRYPHFILLCTLSPLAL
AO090005000396,19,MAGVVLFTLYLYTLTQYAL
AO090005000409,18,MKFNAVALTLATAGSLVA
AO090005000449,20,MLFSLAFLSALSLATASPAG
AO090005000464,53,MLHRKGRGIGPFLGFLDPSLATPPKYLLISVAEHIEKMLARYFSLSLLATAVS
AO090005000472,16,MLPKAVLLSLLASMAL
AO090005000489,16,MRVSSLALALCASVAM
AO090005000512,22,MPPYKHLCAVVALAALLIPGSR
AO090005000528,18,MHLTKFLLLSAATLAVAH
AO090005000531,19,MKSSTFGMLALAAAAKLVS
AO090005000538,17,MQLLLLVVLLVGACPAQ
AO090005000544,15,MKFAYILSALASTAV
AO090005000554,16,MKLFYLAGPFIWSLAS
AO090005000560,21,MSLPSFLKWSAMAALMAQLCT
AO090005000561,25,MVQGVNWLNGGALVYLGVQLLRTVK
AO090005000582,17,MRGAFLAAAAAVAGTAM
AO090005000610,21,MRAFESVFAAIACLAHIGMTD
AO090005000613,23,MRHQTFTPIFLIFLIICTISIAS
AO090005000630,20,MPSAAKVFYLAVFAFLRLTN
AO090005000639,27,MRISQICTVLSTVTSAVAVGVNPLPAP
AO090005000652,18,MVLLSSLAVVATVASLAT
AO090005000691,19,MHLKTLLLTLALTTPTLIH
AO090005000782,47,MKFRLNAIVRASESRTMQISNMCPRRRTQLPSLRQLLLTVIAVPSVV
AO090005000803,16,MKLNLIALTSLVALTA
AO090005000816,25,MGVNFKVLALSALATISHASPLLYP
AO090005000897,21,MKFSMVPSLLLPLLAAAAPAA
AO090005000912,25,MQDMVFALPLITASWVGVTAASSAR
AO090005000918,33,MARWPLAWTANVPSTSRLFHFLLITFVFSLSVR
AO090005000922,14,MRPLTLLPLLSNAY
AO090005000924,20,MHFQALPILAAMLALPALIM
AO090005000928,19,MKFTTVAAILAFAYAAAAA
AO090005000934,26,MRWRLPGARSTLPASVALLLLPVLVA
AO090005000939,24,MVALISFLLLSTVTAIPAPISLTT
AO090005000940,19,MVNMLRGLFVASLAASVVH
AO090005000945,17,MKFLSVILLTTTAGLAS
AO090005000970,19,MRRAGLASFVLQSLVLHTN
AO090005000984,30,MIVLNLLRAWIAHESLLKVTIFGLLLQLSF
AO090005000986,19,MPGAASIVAVLAALLPTAL
AO090005001030,18,MKFAVATLAAAALTPLAA
AO090005001044,22,MPSTPSLPSMGMLALGAMQLAA
AO090005001084,13,MLGSLLLLAPLAG
AO090005001090,18,MYFNYAAATLAALLPLCS
AO090005001097,19,MSMLLGVTLAMLLGSRPAR
AO090005001111,24,MPALLRKLCIVAAVDGLILQVPGN
AO090005001131,19,MYLSPLKALVCLASFAVVS
AO090005001177,21,MTLYHSWLGLLYLLCLVQWVS
AO090005001186,23,MSPYFGLLRALPFLLTLFASLAS
AO090005001197,18,MNTLTCVGLLFLFLSFIG
AO090005001206,22,MRIPAGLSSIILSSALLPSLSA
AO090005001222,38,MAPKLRHASPRLFTSSPVLSVLIVPFLLFFLAFPAPAA
AO090005001254,22,MLRLIDMIKFWCLALGAAYFTN
AO090005001280,26,MMFTKTITLAALASLAAALPTANPVK
AO090005001307,24,MRLLISCPTQPLAPLLLGLMTAAT
AO090005001311,18,MSLFNVLALLMAFVCSVT
AO090005001314,16,MKFSNAAALGLVGCAL
AO090005001320,17,MLRNYIISLACLLGMVQ
AO090005001336,52,MRGGSKIAVVVQVKHCYYYYQINRYIPSRQRTMKLNLGLILIIPQATTILST
AO090005001344,22,MTLSCYIMAMVMTILMLSYLAD
AO090005001347,49,MNPGLSSFMPDIFIDFIPTSLQLSSIQLSSFYIPMKLPILLTALPWTAA
AO090005001350,23,MHVLSIILPLYLALPTTAGSLKP
AO090005001359,16,MVKGTIALLALAGPVL
AO090005001364,38,MAGNFKDKMARFIPMIGYHHVLMIIIAVTIILLSLLLA
AO090005001372,21,MALLGRLVLLGSVLQLAHLGS
AO090005001400,20,MLITKTAFLAFLLSSVPLAH
AO090005001415,19,MRPILLVYTLLASLTPLAL
AO090005001467,25,MRANNLLLLAGLASSVAAYPADVES
AO090005001472,13,MRLFPLGFAAMAY
AO090005001509,19,MQLKNSLFLLTALTAGSAV
AO090005001515,18,MRFSIFSTLLVSLATLST
AO090005001552,23,MKLLNSWLMASAISTVAARPWPR
AO090005001553,26,MKFRNLFFAAVAGSAVAAPLAKEQKK
AO090005001573,23,MRSKLPVQLYLATLLSLSVSAAV
AO090005001581,33,MARVTFAGLVYGRPPLLFLISVISAMTMPNHAF
AO090005001618,16,MALIWLIILAFTWIID
AO090005001626,16,MAWLQILGLVLSGLTH
AO090005001632,40,MFSSISRGFAKSETGDTFSFSFKSSWLLSLLVLWGPPLTT
AO090009000017,20,MMTKLWMIFGCMAAAFSTAT
AO090009000027,22,MFSFLKNTLVPLLLLSQAGPGA
AO090009000028,18,MYGKSLILATTLLGTHSR
AO090009000036,21,MKWSALVPLSVSALAVLPSTG
AO090009000037,21,MNTRFLLTIFIITSSLFFCSD
AO090009000038,22,MRWIIPNLLAALAVSSLFSSVI
AO090009000060,17,MKLHSLLPLAALLTPSL
AO090009000067,25,MKSSLFCILSSIVAANATSVPSFLA
AO090009000078,33,MKNVVEAYFKAIKTIKPATTAIAIFFSSVTGGI
AO090009000086,17,MLLIPLIHLAIGATIAH
AO090009000099,16,MKFTGLAIVSLIGCAA
AO090009000111,20,MKPYSLLSSLAILGPAALTV
AO090009000117,17,MQLTHLLAFALSLATSE
AO090009000132,23,MKLHSSVYTGPLLAALLHCGVAS
AO090009000142,28,MWGSTAMRKPGAIAALLLFIEWHCRPIN
AO090009000143,19,MNTLTVIITLASLWLSRAL
AO090009000144,33,MHFHKITLGATLAALLSLTTALPTTSYSFPLTT
AO090009000146,17,MQWKSFLLFVAIADLGL
AO090009000148,19,MMRGASLLPVALAALSCVD
AO090009000173,18,MKLSSIVAGASLFASSVI
AO090009000175,18,MKWLICVLVVLLLSLQVK
AO090009000182,20,MVSSLTLITLLLGGWGAEVA
AO090009000205,25,MKSFTMKSALAASALLIAAYLPAVN
AO090009000239,21,MQFKALLSALLLAFLSAPLVT
AO090009000249,16,MRQSIILSLLLPCHSL
AO090009000262,24,MGTSQPTLRSILGILFLCLIQISA
AO090009000291,20,MRLSESATVAFGLFCAATAS
AO090009000305,15,MRSIVLSALAAGFAQ
AO090009000313,22,MRFNAAVASALVSSATLMGYAH
AO090009000346,16,MRFSATTIALFAGLAA
AO090009000356,18,MKLGWIEVAALAAASVVS
AO090009000361,23,MKSLATSLLGFLLLLSAPHASVY
AO090009000369,17,MRFSTVVSALLLSSTSL
AO090009000416,15,MKSFIASLFAASLAY
AO090009000445,17,MKVFGWISAAFFASTVL
AO090009000446,24,MHTSRILHSAISILTLLAQVQRSA
AO090009000467,16,MQFKTLPFLILAATAL
AO090009000470,22,MRWLSTPLVAVSLSLGLSAISH
AO090009000471,24,MAKMALGYRLPLLVSLLALFQFAL
AO090009000493,27,MKGLDRGLALVSTLALLFVQAVAVPLS
AO090009000545,22,MHFTFSICSSLLLVTGTIKSAF
AO090009000553,22,MKFLAISSLVAAVSALPSVPAP
AO090009000556,16,MLGLISLVLAASRLTT
AO090009000570,27,MLFFTVFTFFLTLLSTVLSQPIDDILP
AO090009000579,21,MFGQVTGLSLLTGLLATASVK
AO090009000597,27,MVIPAWAAAAWTSLTTALILPGIPGAA
AO090009000649,22,MMLSKSYARGLLAVLLLVSPAL
AO090009000654,16,MWRRTYLLLLVIRVYF
AO090009000720,27,MGVIWDLLERAACLAVTAVALLEGRAG
AO090308000021,16,MGLKWASVLLLIGLSK
AO090701000932,22,MLRRIQSLASIILLLSLICPVY
AO090701001029,27,MCFSRVRLLLLFLLASLLLFLTSPLAT
AO090701001051,25,MVSFKYLGATAAYILVLASQITTAL
AO090701001053,19,MAQSYPLLFLWLLVLSAVS
AO090001000035,28,MSLLSSAWAAVTVGLCVAIALLSGRSAH
AO090001000050,18,MRLLNHLLPVVPLLQTAS
AO090001000055,19,MKLTQFASILTAGFVAAAQ
AO090001000057,17,MFSQPFLFAFLSAGAAW
AO090001000058,20,MVKANGLLALLVGISAYHVE
AO090001000063,16,MRSSIALLAATAGTTL
AO090001000066,19,MLVMQLLLPFLASTAAAAA
AO090001000070,16,MRFLLPFAIGLTPLAS
AO090001000071,17,MQLPQAIAILTLVASAS
AO090001000073,35,MKNIFVATLGLFAAVSSALPYTTPVNDNPISALQA
AO090001000075,19,MPRLLPISAATLALAQLTY
AO090001000083,17,MQFRSVIALVAFATAVT
AO090001000086,16,MKLSIVLLGTVLGTAL
AO090001000095,20,MQLSKIFQTIALLGASVPAL
AO090001000098,19,MRFFGGVIATFVVCSSLAD
AO090001000105,28,MRLNRHVALLGLLHATGGAVYGSPAPAL
AO090001000108,18,MHLTKPCHLIFFHCSTAT
AO090001000111,31,MVSFSSLLLAVSAVSGALAAPGDSTLVELAK
AO090001000113,21,MHLTSLIVTAGVVAAAPSFSR
AO090001000133,19,MKLSGSSALLLLGFGLLGH
AO090001000134,21,MYISKGLFLLSTPFALGGLAA
AO090001000135,18,MRFISVSSLLLALAPALN
AO090001000143,20,MFSLARLGTVAGLFLLAQAA
AO090001000145,26,MHSKLPRFSILLQTALTLLLTVTHTL
AO090001000205,18,MQFSLSFAAFIALSGQTL
AO090001000207,20,MKNFFSMHAILLACSAGAGL
AO090001000208,25,MVHLKSLAGILLYTSLCIASSQQAP
AO090001000221,18,MSIAKIAGVVLGSAALVA
AO090001000266,17,MRFVSLAVGAALLGAAG
AO090001000267,16,MKLIWPTSLLFTALVA
AO090001000294,22,MRSSLLMGALCAAGAMANPLDK
AO090001000311,17,MVLKYIFWLWMAATAVV
AO090001000336,21,MDHRGSFFFFLVVFYLLLSSQ
AO090001000348,24,MASLSLSKICRNALILSSVLSTAQ
AO090001000383,17,MVALQALSLGLLASQAL
AO090001000403,13,MFRSLLTLTKLAS
AO090001000406,19,MLSVATSIFGLLATVPLAA
AO090001000492,15,MLFSYLLATLPLLAN
AO090001000495,33,MVSFTKLIAAGLLASAAVAVPHGHQHSHVHVTK
AO090001000511,20,MRVPVINAAVLLLSSAIPVL
AO090001000544,29,MAAFPAYLALLSYLVPGALSHPEAKTLTS
AO090001000556,19,MRFTATAAALVASSIPATL
AO090001000578,20,MIVLSLFPLFLLVALSSLTY
AO090001000582,18,MPSLRRLLPFLAAGSAAL
AO090001000617,18,MATLIVSLLLTLLAREVL
AO090001000635,17,MKAAFALAGASLVGSVL
AO090001000641,37,MTRSTTSLAKYIHAIRDSPRGIYNHNLAVVVVSFALC
AO090001000694,15,MKYTLGLLALAGTAL
AO090001000698,22,MRPITAFTALCGFLLSSSSLVC
AO090001000726,21,MRVPISHFTLIALGLSPVHVL
AO090001000733,19,MRTFAPWILSLLGASAVAS
AO090001000747,18,MKLFTFIIALFYIISSAC
AO090003000022,27,MIMAFDEVVTVILVVLSILLYGTCSTA
AO090003000028,18,MLLRTVLWLCFLLVAPSE
AO090003000032,19,MIFLRSFVLSLALSPLLAS
AO090003000033,18,MAVTMLLVIALSSLSVVL
AO090003000036,19,MKSTALRLVVFAVLCVLAT
AO090003000042,22,MRLLSFIYLVWLALLTGTPQVS
AO090003000045,18,MKLYYISVILMTCLSTAL
AO090003000058,19,MKSIYSLVLCTALTAASPH
AO090003000083,18,MNAFVTLLVALFLGYQVS
AO090003000093,23,MKMMGSGIAALGLMTIVNTMSAM
AO090003000150,17,MRFFQIASIVAYAATSL
AO090003000152,17,MRIQSIALFLGLCTAVL
AO090003000170,22,MYTSIYFILNTLLASNLASQTY
AO090003000239,24,MHLKPIQTLLPTLLLFLHLPTPAL
AO090003000245,23,MHFPLTLLTTLTTTLLFLPTLTP
AO090003000246,19,MTRGFLAVFGTLLLSMGAL
AO090003000257,38,MARLSSRNGAAKPFTAWTTIFYLLLVFIAPLAFFGTAH
AO090003000309,30,MFSSLRGSQRTTHFWLRALIYWTFVSSLVC
AO090003000321,25,MRNNLLFSLNAIAGAVAHPSFPIHK
AO090003000323,25,MKIKPFVLGIASVLSSLVDALPSAG
AO090003000334,31,MKVFTPIFVLMALATSQAIAAPAAEAESLEA
AO090003000342,15,MKNLLPVISFAVLTA
AO090003000346,18,MFLQSVLALSLALPSLST
AO090003000354,14,MRSLLWASLLSGVL
AO090003000392,21,MWQKASHAAIAAASLFASLAS
AO090003000412,17,MRSLVFTAVSCLPAIIA
AO090003000464,29,MRLIGAVEEASLTMKTFFFLLWGLACFAS
AO090003000468,23,MMELRCLWCPQWALWLLFVSYSC
AO090003000476,20,MHFSSLSLPLTALSLVTPSL
AO090003000492,23,MKNLWLWRFLPLAFLLLQALAVE
AO090003000524,14,MHPLLLLLYSTLAL
AO090003000530,16,MQWTWALITALATATS
AO090003000553,18,MKAFTFLGAAALFFSPAL
AO090003000587,31,MHTSTLLLVLSSLGAQAIPLLRPKANDILAR
AO090003000594,20,MKLNFASGLVLALATVEAVG
AO090003000630,15,MSHLLFCLSLVGLSS
AO090003000638,18,MRLSFTVLTAALQAAVST
AO090003000648,20,MRVSSLSFLLYSLSLLAAVS
AO090003000674,13,MFLAVLVLAAMVP
AO090003000693,16,MKSTLVTASVLLGCAS
AO090003000714,16,MLATVFLIVASALTAN
AO090003000715,21,MYTPSIIQGLLLAITLVSSSS
AO090003000760,18,MKVTYFASILTAGLASVN
AO090003000790,17,MKFTGLIASLAAVSAAS
AO090003000823,27,MPSNKHPILSYILLPLLLALSTIQIVQ
AO090003000825,19,MHVLSTLTQALSLWAPLAA
AO090003000829,21,MWQPSSALLLVASLLTALPVN
AO090003000833,19,MKPSQLSLLVLLFQASSIQ
AO090003000836,21,MPSPSSLLRTLCAIALLGLTA
AO090003000863,30,MQRRKCGDRLTRIMVCGIVLVALSLALGAS
AO090003000876,21,MVSLTHIFSKALLTLLVGQSA
AO090003000893,18,MNMKVFAILSGLFATSVV
AO090003000905,20,MKFLTPLVLSSLASAAALNR
AO090003000908,17,MLPVHIILAGLLSPVVT
AO090003000935,27,MEAFNLHNFLSSLYILLPFVILANPVH
AO090003000968,22,MWISTSRWLPCLYGLVFAVGAL
AO090003000982,17,MRFSIFGALTALAALAT
AO090003000985,20,MAPFQLTLSLLLAVITASAN
AO090003000989,23,MAAFAMLLLALSLLMGSFGSCAL
AO090003000990,21,MFIKLLNKALLVLGLLSAGTQ
AO090003001017,20,MRFLRFLLAAPLALAASIPR
AO090003001036,19,MQSIKRTLLLLGAILPAVL
AO090003001167,25,MRSLVPFPKVIALVTTTTALYSHCL
AO090003001168,15,MRFIQLLPILPALAA
AO090003001173,17,MMRLLCLLVFVLQDATH
AO090003001209,18,MAGLKSFLASSWLLPVAC
AO090003001241,18,MYTFFTLSLLMTLTPHVL
AO090003001244,20,MLGFGLLALLPFAAAGTVLP
AO090003001263,22,MLRPGLLEVVLLLASPLLLQVK
AO090003001268,19,MRFTPSSAALLLGAIGAAT
AO090003001282,18,MKGLQNGIPIAMLAAMAS
AO090003001291,20,MRLPWSAWLLSPALLAVACY
AO090003001295,19,MVLLHPLLTAAALLGASAR
AO090003001298,18,MHRFSLITATLALASTVS
AO090003001305,18,MQRYISLSVSLSLLSGAN
AO090003001315,29,MHHLGKVLTAFAACAGLGVAAPSSAQITP
AO090003001320,16,MQLKALSLLALTPLAA
AO090003001326,20,MRTAQLLALSGLMLMSNVAM
AO090003001336,21,MRSSIQPTSLLLALTALDLAA
AO090003001360,27,MSLGYRPNMQSYSLITILGLASATLII
AO090003001382,23,MPVNMSYRLTWMFLLVVVVGSAL
AO090003001406,14,MLLGTLLSLAAVVA
AO090003001408,16,MRTPWCAVLALLAGVQ
AO090003001410,18,MYLRGILSALAVLPFGIA
AO090003001418,27,MAWKSTFLLTSLLVGSYATPLALHNHA
AO090003001420,20,MPHPVLLLLIALHWCLIHTL
AO090003001432,27,MARLSLLLAPLFAVLPLVSAFPAQLPA
AO090003001448,19,MKTLTTLTISLVAITTTAV
AO090003001456,23,MTLSSMFVAITLNLLSTLCQKTI
AO090003001458,22,MTLRNPILATFVAVSTLLSVCH
AO090003001484,22,MQFKNLALAASIVATAAAAPAA
AO090003001496,17,MRLSYAISLLPLAASVG
AO090003001498,22,MVSSSSLGRFAVLVTSLVGSAV
AO090003001500,18,MKWAFSSAVLALFATTVK
AO090003001507,29,MHLAIKSLFVSLLGASVLASPLPSNALVE
AO090003001509,15,MRTIIVSLFVVVLAS
AO090003001514,30,MYRFLVSLLGLVAGTTYAAPVPEVSSMNAV
AO090003001515,18,MKSYLYHAVLLLTAPLVT
AO090003001518,28,MHLLHTILFLLPLASLAVPSAPSSNLNK
AO090003001523,28,MFSTILTSVLALASSVTARSVETRSLTP
AO090003001533,23,MRESLQAFIFSMLLLGCNIAPAH
AO090003001534,22,MKSPFVGWMLSIILLTPFAATN
AO090003001590,17,MQPLRLLALTAILKGAW
AO090003001591,20,MMVAWWSLFLYGLQVAAPAL
AO090701001070,22,MATTLYLFLHLVLFSAYHGLTY
AO090701001076,46,MPKKTSKEGRRRYLPKSINLNLNMKLSGRLSARYISTLCLFVTGIY
AO090701001088,19,MRLFTLPIAILLCFFQTIL
AO090701001113,18,MRFTLSSLALLVAATAVA
AO090023000001,25,MSSGLSLERACAVALGIVASASLVA
AO090023000004,18,MQFNMIVALLAIGAPLAY
AO090023000017,30,MVSTSALRSVAAVMIALAIPASAAPQPVSK
AO090023000024,28,MKTFLPLVSLLMGVGMTSAAPALKVAAE
AO090023000027,18,MWVLKAAIVSGLLLPPTL
AO090023000038,19,MLNLQSFGIVLPLLAGTAL
AO090023000047,18,MRSALNILAGAATLTVAQ
AO090023000052,19,MKLANLALSATAGLSLKAT
AO090023000053,31,MPKTSCPVLSSVINMYFAGSSLVLLLATHAL
AO090023000056,15,MFRSALFLLLAPLAL
AO090023000058,23,MKAIAALALVGGAIAAPTKTVES
AO090023000059,17,MRVSSVILPLAGTLLVE
AO090023000079,20,MIKTILCALAILAAIAPLTT
AO090023000080,21,MAYSILQIALATLLGYFVLVD
AO090023000083,23,MSSSSFVWTVGSIALSSLITPTI
AO090023000089,29,MASNLMFRMLQVPLFAFLLSLCLVFPTAH
AO090023000094,22,MKATTICSFLLATGTALAMPAK
AO090023000095,30,MFDITMARNSIIRVLFVWITTIIYLFGSIL
AO090023000113,20,MKFISVVALLAPVVLAAPQA
AO090023000117,21,MVHIRLASVALLHSLLLTYGL
AO090023000151,22,MLPKIFYLSLLPAALGHPHLQP
AO090023000157,19,MLSYIIPFCIYLYFSLAVL
AO090023000158,20,MIKSIILQAIMVLSTLTSVH
AO090023000159,16,MKLSFLALAAIAPFVS
AO090023000161,27,MQLLQSSVIAATVGAALVAAVPVELKA
AO090023000216,16,MQLIHHMIILFASLAA
AO090023000224,18,MYRNLILLLATYLVTLAA
AO090023000239,27,MHFSPLTIIVSAIACSATYVTLQPSSK
AO090023000263,29,MKTSFLLLHTLVAGVLAIPTRTDYVLHER
AO090023000269,21,MAELSLRRLCIFALGLFSLVA
AO090023000279,20,MKSRHVRSISGLLLGGTGIL
AO090023000324,19,MFCNFAILFIWYLLCRPSL
AO090023000325,18,MKAALCFFWALSLATVSS
AO090023000330,15,MRILLLLLIQAAVAA
AO090023000334,22,MGRRNRIVASLLTLACATSTAL
AO090023000335,24,MKLLLSFSIAITAIFLSLYSSHFK
AO090023000365,18,MRDFLSLLGLASIIASSS
AO090023000371,20,MLFGVALLFLGAVAANPVIP
AO090023000373,17,MRIQSLVVLGTVFSGAI
AO090023000382,16,MILLGLIVCSLLGVAT
AO090023000386,21,MRLQIPFLSLLSLLLFASFSH
AO090023000393,30,MKFTTAIATAILAGSALAAPERGLAARVKA
AO090023000401,29,MHFQLLGLAALGSLAAAAPAPSRTSELVE
AO090023000438,20,MLRQIIGTLVLLLMQVFAVT
AO090023000439,15,MYRFLPLFFLPLAAL
AO090023000448,27,MVHLFSPQIVLSALLAFIRDAPSSSSS
AO090023000451,20,MITFIWLFVISLALHGVITS
AO090023000474,20,MPSMYTRLFAALCALATTAN
AO090023000481,18,MGVTLRTLWLLGLSSAAS
AO090023000525,16,MKGLAFVCGLLATSVS
AO090023000532,36,MRKSRPLCLYLSKSTPATMQRLYALALLSWCSAQVQ
AO090023000534,22,MPSRLIFITTSLFLTHLSVGIH
AO090023000555,18,MVRLMSPLAALAGATAAS
AO090023000559,20,MASHLSKSLASLAVTAAFAQ
AO090023000581,18,MVYLKRLLALSSLLSLSQ
AO090023000602,15,MKYSKLLLLLVSVVQ
AO090023000603,29,MKAATLLSLLSVTGLVAAAPAGNGPAGGI
AO090023000609,24,MMKDTLSFARLALLLFGFVVIPTQ
AO090023000615,36,MLSGFFWSALAMFYSRIRSVASTAAVTSLFTATVAQ
AO090023000621,23,MHIRTAITAGAALVQTAVAASVQ
AO090023000637,15,MKNFATVAALAAGAN
AO090023000685,18,MKPTTAAIALAGLLSGVT
AO090023000690,24,MQLWNTVLQLSLLAFTAAPTAAAS
AO090023000722,30,MLGSWGLVPRSTSVWAAALIILCQLVPLAV
AO090023000732,27,MSSANSGLFRPLLTIGVALLYFLLAGQ
AO090023000787,20,MAMSKIVSLTGLLASASLVA
AO090023000803,18,MMVKTSLFLFIISGGSCS
AO090023000811,22,MNFRNLFLSFFFLLAVGLALVH
AO090023000834,28,MMASASSTSWLSSVLAFCAILCLSVPVN
AO090023000843,20,MHFNNKISVALLAALAAGSE
AO090023000872,18,MRFLRCLLATSSLYASVT
AO090023000905,17,MFIKYALPALAAAQAVF
AO090023000915,20,MLFAKSALFLSFLALGNIAA
AO090023000918,26,MAPLAKTLALAGALFAALASAAPVQK
AO090023000919,17,MRPAFFLAALASLASTH
AO090023000944,20,MMVAWWSLFLYGLQVAAPAL
AO090023000952,25,MARTTLSFYAVCFILALTGSALPAK
AO090023000968,32,MHKSILTRTTLLNLILNPLLTIPTRASTTIAP
AO090026000003,24,MAVRIARFLGLSTVAYLALANGID
AO090026000043,18,MKTSTVIGFLAMLSSQAL
AO090026000063,16,MKLLLLTLSAALASAL
AO090026000072,16,MRFTLACLAALASSAA
AO090026000083,30,MRPLSHLSFFNGLLLGLSALSAATSVVHER
AO090026000102,15,MKLSLALATLVATAF
AO090026000103,17,MVSATRLLLLLPFLGAL
AO090026000108,21,MHFSVFHILLASLISIAQLAS
AO090026000115,22,MSKKQLALALTCALSFSPACAI
AO090026000119,17,MSSSLKFLGVFLPALAV
AO090026000122,17,MRSFYAVVPLALALRAA
AO090026000125,17,MMYSGALSLTLATTLAN
AO090026000127,17,MRWSFLTVLLWLVSLTG
AO090026000145,18,MKGLLFVLSAIFGITLAA
AO090026000148,24,MITILYQVILCFLVTSESLIKLTS
AO090026000156,22,MNLPTLIALLTTLTLHLTTTTT
AO090026000195,17,MLFINVLLVFLAILHAE
AO090026000198,18,MRFGYALAGILISIAGAN
AO090026000214,19,MQLKNAIHFTVFGCAILAL
AO090026000220,17,MARIHLYSWMTLFAGTF
AO090026000221,19,MAQLQYLFAFILVQLQLAG
AO090026000252,18,MQVKLFYTLALWAPILVS
AO090026000257,15,MKSLIWALPFIPLAY
AO090026000298,20,MKLLSVSATYLAIPMALLVS
AO090026000367,22,MWPTRSLSSLFFLSLALGSPVS
AO090026000408,18,MQLPVSLGLLTVLISSVT
AO090026000428,22,MLLPRLSSLLCLAGLATMPVAN
AO090026000447,24,MQLSSVFTVALSALNFASALPLHR
AO090026000516,20,MKFLSTAAALLVCLAPVSTT
AO090026000523,18,MKWGFTGPLLALLAATAA
AO090026000557,19,MKVTTIASVLCLAATQLVA
AO090026000588,18,MILNLPLLAVLSGAGVTW
AO090026000662,21,MLGRSVSLATVLLTLSGSFAN
AO090026000671,20,MLKHQSPLRALVLSCSQTVW
AO090026000680,18,MNAIIFISVVSSGNAQAY
AO090026000686,21,MLISNFHVITAAAAIHTSLAS
AO090026000748,23,MWHTNKVSFLNLFTLILGAVESS
AO090026000757,15,MKVTTIIWLWLITAH
AO090026000766,22,MASSVSKTLLVLLAAHLLGVAA
AO090026000776,20,MVQLASTLVAGLAGLASVVS
AO090026000801,19,MHISNHVVTALAIAAGTAS
AO090026000804,20,MWSSQLLPWATGLGLISTVL
AO090026000812,26,MRFFTALSLFISGAAIASALPSSSET
AO090012000006,25,MAMLFTPIAAASLLAVVGTQPTGVF
AO090012000013,20,MWSAYLFIIAALAIQLETGE
AO090012000032,25,MRLTSPMSLVMPMAILGISTIQGAA
AO090012000041,16,MRPSFVLLAFLLGFAS
AO090012000042,16,MLPLLFLAVFLAPGVM
AO090012000045,18,MSSWLPSLLLFGNLAIAS
AO090012000046,19,MRFNVLATLVGITIPQIAL
AO090012000069,21,MWSWSPTIAFLWLVELLRPSW
AO090012000083,23,MKSTALLTGLGLLASLGLASPVT
AO090012000090,20,MHHIQSASLLTALLSATKVA
AO090012000091,19,MKVPFVLLASLCANSALTT
AO090012000092,17,MKASLSLIVAALAAGVV
AO090012000103,19,MRWLPLFALVAADIWSAVT
AO090012000110,19,MRLQLPEVAIATLLLGEVG
AO090012000116,21,MARNTRFILVLTLFILFAVAV
AO090012000121,16,MKPFLLLSSLLASSAL
AO090012000135,18,MHAIAGLTGLLAGVSLSY
AO090012000141,17,MLLQAWLLLVLYASFTY
AO090012000143,17,MKFFAVAALFATAAMAA
AO090012000157,17,MPWAGLATLFLAVAGVH
AO090012000164,27,MKFQSLCMSLFCAATLAAALPVEPSAE
AO090012000180,16,MKTSNILLCLAPAVAL
AO090012000186,22,MARFSFLSLALLSVQALIGGSL
AO090012000209,18,MRFLLSFLITLSIACGVL
AO090012000230,27,MASGTNMGFNALLIICLVLVVLPSQVH
AO090012000298,22,MLRKRFLLPLLAACGAAVEISV
AO090012000320,14,MLCILLYLLWTGAV
AO090012000350,17,MLGIKILPVLLFGAIAQ
AO090012000352,20,MRFSPGLLCLIGGLLPAIVS
AO090012000356,25,MQLKQLVLPALALSGSALGSPTPAK
AO090012000359,20,MGFPSDSLLLVLSLVLNCSW
AO090012000370,17,MKVSTLLTTLCVLGVAS
AO090012000372,35,MSNQHCRGTSSITQFSAMAYSTIILLCAALAQAVQ
AO090012000422,32,MDYYAALNPNPPYMFRRILLLLFWLIGLPAST
AO090012000433,16,MRSTFVFIACITAYSF
AO090012000443,16,MLLAIVSTLALAGPAF
AO090012000445,17,MKLLSVAAVALLAAQAA
AO090012000451,30,MKITSTIPAVLLGLAPLSAAVSVSGSAEGF
AO090012000458,19,MQFKLSALTALLAASASVY
AO090012000462,20,MHFQALPVLATVLALPYLAF
AO090012000471,29,MPGGSASLSSFRIMAALLVGLLCCLPGVF
AO090012000481,19,MKTFTSALIGAAALAQDVN
AO090012000482,18,MKLTIASSVLLGLIAAVE
AO090012000509,19,MHFSTILPLLTLAHLPVTS
AO090012000542,22,MVAFGSMRLPLLLLLLNVTFGS
AO090012000544,15,MKSAIFSPILFSLAL
AO090012000590,18,MRSWVPFVAALAALSPAT
AO090012000656,21,MKLQPIPLFLSLSLLFILPTH
AO090012000663,25,MRFFKYLVFAAPLALATPRPNPVAA
AO090012000664,20,MKFAWLLACLSATVLAAPEK
AO090012000667,19,MFKRGLFSSLASLFLRTVT
AO090012000680,21,MKLNAILLGAALASAAPSLDL
AO090012000684,24,MRVINLLQTWSVGGSLIVFGLWFQ
AO090012000706,19,MWFSSTAWLLPLALAGSVQ
AO090012000708,17,MKISAAISTALLAVSAA
AO090012000721,20,MRTLALLAIPFLSSAIPLHQ
AO090012000725,17,MRFLSIAGAALFASSAV
AO090012000736,20,MIVRPSAIHLLLVSTISMVA
AO090012000739,21,MGGAFALTLIMVFFWMPESAY
AO090012000744,31,MPIFSTSILSSSNKMYRAWIIISLILSVFAI
AO090012000746,27,MWLQLRFLRSCSLLLLINLVVICGFAD
AO090012000749,16,MVKSLLVSGLFAATAL
AO090012000751,22,MVSKPLLTQLLLLFSIFGSGSL
AO090012000766,16,MLTTIICLSALWVAGN
AO090012000793,27,MFVSKLIFAALAATTAIAHPGPDHAVP
AO090012000794,20,MVQLASTLTLGLASIASIVS
AO090012000813,22,MRPLSTVSALAWLGGFQALPVN
AO090012000834,17,MRAPHLFMAALAANLAT
AO090012000878,19,MLVVPLLAWALGPAPLAVQ
AO090012000910,20,MRVMIRLLPLLAAGGILPTW
AO090012000917,18,MRASLPFLTALGCIPAAL
AO090012000921,18,MSIYTYIYPLLLLLNQSQ
AO090012000922,19,MRATLFTTILAGSLPLLAA
AO090012000941,16,MHQRALLFSAFWTAVQ
AO090012000993,29,MVPASQLSCNRVGLLCLLFIMASRFPRSN
AO090012001025,22,MSHFPTLHILILVIANLQIQCF
AO090102000010,23,MHGSLLKLALLSFSLGSSAAVLP
AO090102000011,33,MISLNSIFLLSLVGLSRAAPSRSETSPDRTIKP
AO090102000013,18,MKVSLWLTLLGVNLSLAL
AO090102000020,18,MKAVLSLTALQLLASYVT
AO090102000035,19,MSPSPRSLLAPLLLATCVS
AO090102000038,16,MLWWLCVALLLVHHSL
AO090102000044,18,MLFIKAIALTGLAVSQVS
AO090102000053,25,MLISSVSLLLASAGLSQALPHAGTK
AO090102000058,22,MKLVNRLLASFLSVSTVLQSCW
AO090102000072,18,MRLTPSLISCLSLLHFTS
AO090102000073,21,MLSVYVLRILSCLLLLFQVAQ
AO090102000079,46,MQGQFPGDLHTRVDNFPTNFRRHCTVTMHSSLKLLLSAASLLPLAQ
AO090102000089,16,MNLLLLALTLLTTLTS
AO090102000092,23,MKLYLLFFFFLTLHALPGLPRST
AO090102000097,19,MRPSTLAAGTIASLATLIQ
AO090102000139,17,MFLSRVFCVLAALACVS
AO090102000145,15,MKFSASLPLFATLAA
AO090102000152,22,MTRSSAALIVALAACWNAQGSA
AO090102000171,23,MRCLSFCQVGLAVLVFLSGQGAL
AO090102000180,20,MRISRLLTLGSFWHLLAVVL
AO090102000201,18,MPQYLGCFVMLATILSIK
AO090102000263,15,MRSIAYLASGLPVAL
AO090102000269,24,MHFHVKHAILLAAFFGLHLGTSVG
AO090102000296,25,MRLFPVSQGLVSVAVAVTSTAWGVR
AO090102000310,17,MRAQALLSFAIMASTAT
AO090102000331,16,MTEILFAFMLLGSLAL
AO090102000335,21,MQSRSVLICVLLALDILNFTV
AO090102000344,14,MKSIIWFSLFTAAF
AO090102000346,17,MYRSLMLIALYISALAA
AO090102000352,17,MRISFFFLFSILPLHVW
AO090102000359,20,MMIMLNVVLILLVLVIARVQ
AO090102000383,22,MGLIITTIALVLSALSWLDCAV
AO090102000409,20,MYLARAWLALWLVLHAQQGQ
AO090102000438,17,MRVQAFIFVLLGLGKSY
AO090102000440,17,MRYQALSLALLGLGKSY
AO090102000460,17,MRLRSSLCIGALFTLAT
AO090102000494,23,MRQTMRLDVGLVTCLAAFSGLAE
AO090102000501,18,MFSKAFLSAALLGAAAVE
AO090102000528,19,MRFAALVIGLLATFVSTVT
AO090102000531,23,MNPKTILLLLTTITLSTAIPFSQ
AO090102000533,21,MTNFLRFWLSFSLLVTLSLQQ
AO090102000546,20,MAPLKTLVALLSANVLTSVL
AO090102000559,29,MAGRRLLSTRWTLLLSLVILLGCLVIPGV
AO090102000563,21,MSLTYCQVIVLAFLMTINGPG
AO090102000564,18,MAPKSLFYTLFSSLTVAL
AO090102000575,19,MNLPPPLYLLFFLLIQSVY
AO090102000586,21,MVFSKSVAVAAAVSAVFPLVH
AO090102000607,20,MLHTWIRTLGALLLLASVAH
AO090102000634,22,MRLFHASTSSLLFLLSTVVVTS
AO090102000649,41,MGGDGSFGERDTISRRDLPHLSRCFVSTTVLALLMCPDHFH
AO090166000050,18,MKFTKKILTTLGLLGVTE
AO090166000071,17,MTTRKLLLFLGLAGLSL
AO090166000075,17,MKATDLFHVTALVAGAL
AO090166000079,20,MVVFSRTLFSLVAILVPIAS
AO090166000081,19,MHSSLTFLTLALCLFAWAN
AO090166000084,19,MRSSFLLAGVFGSLAAPAL
AO090166000085,26,MARTQWPSLGVAALQILSFSLVNQAL
AO090166000088,19,MIFNLWILGLGLGLFLAAD
AO090166000097,18,MKKLLNILAAGFFGFAVQ
AO090701000959,18,MRLRTSLGVASACASVAS
AO090701001147,26,MQLISILTSLALTATTLAAPGTDLKE
AO090701001161,17,MRVATSVAFASLLAMAQ
AO090701001162,15,MRLLLPFIVLPLAAL
AO090113000017,19,MQFHHQLLAVLALNAAHAW
AO090113000019,20,MTGRELVNITSLLTSIPAVG
AO090113000024,21,MKLILTLLVSGLCALAAPAAK
AO090113000039,19,MAIISWFFCIGICVVSLAW
AO090113000054,19,MRFLRAGALAASLSATSAL
AO090113000057,20,MFLPSRKALAFLACLASHSV
AO090113000058,25,MKGYYSLVILALIGIAFALLEEKLV
AO090113000059,18,MAVRRLASTLLALAACAN
AO090113000062,17,MQLYKVFAVLAALQPAL
AO090113000063,21,MPIKSFASRLALSLAICGTAM
AO090113000074,17,MALLLKILLAALPAVVA
AO090113000076,27,MRVTSLLTLVSTFALLAAAARPAAMVR
AO090113000091,17,MFVWSILLTLLLAGTSH
AO090113000105,14,MKPVTLLSLASLAA
AO090113000125,18,MQTRLLCLAALLLPQYGL
AO090113000130,19,MHLWGLLALTGAIWSARTE
AO090113000144,15,MRILAINLILAASAL
AO090113000145,16,MQLTRLSAVLLLSGAY
AO090113000146,31,MVLATMATMARFKATILSSVLLPLLLSSHGA
AO090113000155,22,MRFSALGLVAALLSQVQASPVA
AO090113000178,23,MVSKNLLAILAAAVAVQGSPLDK
AO090113000180,20,MKFSVISILAVAFLTVGPAG
AO090113000195,23,MKFSIVALVLAATSAIATPIVTK
AO090113000196,61,MTRNQTHRLLISSNTPPILQAVRYSIIHIKICHKSITMQLSIFTVILPSLVAFASAAPSEK
AO090113000198,17,MIWKALYVIAALLTKVW
AO090113000199,14,MNLWLLTLWVTLVT
AO090120000005,25,MKLFAILSSTVLASVALASPLTLER
AO090120000006,18,MQFTKSLLLLAALTTGSL
AO090120000008,18,MRTAASTGLFLGLASMAS
AO090120000014,23,MSLSLCAPWRLLYAILLTIALVN
AO090120000026,24,MVSFSSILLACSAAIGALATPIEP
AO090120000043,19,MTAFTILLGLAVPSLTAAN
AO090120000052,17,MKLRNLAPWALLLTAVH
AO090120000056,68,MPMPCRTQRYKYCFTVIVCLPYLHLTNFGYLKTNIIPHFSNPNHNSNMQLKSLFVVMAGLMAFAAAAP
AO090120000062,25,MKLSKILSIVLATLSVGVSSRPTTL
AO090120000068,14,MRALSLASLIGIAS
AO090120000069,14,MNLLLLAGLLPLAA
AO090120000073,18,MKSISALAAIIPLLPVTE
AO090120000158,21,MLISKTVLSGLALGASFVGVS
AO090120000167,20,MLNVTSPWALILSLLTAIVS
AO090120000174,16,MKLSILSLASLAPLVS
AO090120000191,19,MKYFLLILSCLLLLTETAL
AO090120000195,16,MIFPIVALLQLVLTAF
AO090120000196,20,MMVAWWSLFLYGLQVAAPAL
AO090120000200,18,MNLIILLVLLLSGIYCLE
AO090120000208,25,MLTYRKSLIAALFLITFVVLLRSSH
AO090120000218,25,MNLKLTTWKSGLGLLSFLFLTPTVV
AO090120000229,22,MAPAMSLVTLAVASWSLVYGVT
AO090120000232,21,MRFQGVVPTALLAISCTDKAC
AO090120000260,21,MAAFSYIIRLICIFMLLCHTH
AO090120000263,24,MAFAQKLTHWICAVSALTLLLPAL
AO090120000279,19,MVRIVSSLLLASLASTFAW
AO090120000309,18,MFVRQLLGLLAVGTGLTT
AO090120000344,19,MARLSYLLVSCLSVVSAAS
AO090120000359,19,MKGWLQTFCLTALLAGRAL
AO090120000368,61,MEIIIFHKYIMLSYSAGGPYKPDQPPRSKTFSHTASYKPPKKMKSLTIFLFSLLVLIATTA
AO090120000430,27,MHLFSTLLTLALLATAMAHAGPHDILS
AO090120000454,19,MRVSLTTIFSSLLCTVLVS
AO090120000455,16,MLVTTVSLLALSAVAS
AO090120000471,25,MLFNNPSTILVGALGCMSLLSQRAY
AO090120000474,32,MVILSKVAAVAVGLSTVASALPTGPSHSPHAR
AO090120000488,20,MKTTVFFALVLIFLFARPGG
AO090124000009,20,MQSKTFSVLSSCLLLIATVQ
AO090124000015,19,MLSPVRLLPLIGSLLSLVS
AO090124000023,24,MVALSTLSGLSALPFLFSLVQNVY
AO090124000032,13,MLSPLFFTAALAA
AO090124000035,18,MHLRAAFLALCWAGVPAL
AO090124000036,17,MNLLSLLSLSAISAIAW
AO090124000038,19,MMSFTKFILFILSLLSVVS
AO090124000043,26,MNGRRLPGAFLRICLIVLLYGAEIAI
AO090124000048,53,MAYRTAIDSVLSATSSIHHHTNAATAVVYNKLARTAMHFNSVFSVLLSCGLAA
AO090124000056,64,MWNMTLLAIGLFFLRRTGSIRNYPQFYSLFEFPIRTRSKKMQIHQLVLFSFVGLAASAPVAEDK
AO090124000057,17,MMSLIIVAMLLCAGLSS
AO090124000063,23,MKNLTFGVYLTALAGVGSAAPHF
AO090124000065,24,MASKSASSLMTLYLTLASFCLGKT
AO090124000067,24,MMLLNMRSIVCKALALVACATTVS
AO090701000002,19,MQKSWLVLLVACLGLQGTT
AO090701000071,32,MKPVFFTNTLYLLLPVLASAAPAPIIGRDIHS
AO090701000104,22,MYSINLQTFLSFLLLALPVLSY
AO090701000113,12,MLGITLMLHSTS
AO090701000141,18,MHLSKLFTLSTSLFYVVA
AO090701000215,26,MIIFKPFLQALVATVLLTLSLGRASL
AO090701000220,18,MPLLKSVINAAGLVGAVA
AO090701000227,20,MQITKSLIATTVALYTSVVL
AO090701000246,17,MKVFAPLLSLSLATSVA
AO090701000260,28,MYREEKLTNAQMKLTAIATLAYGISTAS
AO090701000274,21,MVSGVFTKGVLLLGLLSGLAL
AO090701000294,20,MIMKSSFMPLVALSSAISAW
AO090701000295,17,MHLPTLVTLACMAVSAS
AO090701000298,19,MKLFISSILSIGCLAKIAN
AO090701000300,19,MHLTYLCVLIQCLLLSPVG
AO090701000305,25,MALQLSRSPVYSLIILSILWIEGIA
AO090701000313,24,MSFIQLVHFFGLLTLAAGKPILIP
AO090701000315,19,MYTFPLLLGILAATKDLAL
AO090701000321,28,MANFKLFLALAACLSGQALAAPTKTIGK
AO090701000336,23,MVMRSLKFWASSLLCATLLRECH
AO090701000342,17,MRYFFPFAVAIMAFSAS
AO090701000344,27,MQLLNTITTGLLLSSSCLAAASPATWQ
AO090701000345,20,MLLRVFVRIFSLLLLARIAW
AO090701000354,27,MTPLPGSNRAMLVALWLMFALLIEFSD
AO090701000355,15,MKVMFGTWLLWGLAT
AO090701000366,27,MTYPLSRTTRILLLGLLALTYLFPPVH
AO090701000367,23,MAYSPLRTLVGLVAVFHFFIPAL
AO090701000382,18,MNRLLKLAFLSLVASSAI
AO090701000385,20,MHYIQYGIGCLLSLLLTGAK
AO090701000389,25,MKGSAIATALTLGASTALAAPSIKA
AO090701000400,16,MYIKPFILPALAAVAQ
AO090701000422,16,MIAYGLLTLIVSTAAV
AO090701000433,17,MNVLWALFACVWIQHAA
AO090701000464,19,MHNLMVALTLLSALVAGVF
AO090701000473,14,MKVALLTLAAGLAN
AO090701000481,18,MYLQSSLALVLLRAAVVH
AO090701000484,30,MGWFPTKLDSEESKWHFDILILLAVIGSSA
AO090701000492,23,MKLLNIITLLSTTSLAVAGGLDT
AO090701000501,21,MQTYFSTDFKTVLMCFISTIE
AO090701000505,25,MLSVYEGLLDMIALIIALLSGTPSL
AO090701000507,19,MSNALLGFWTTLLVAVLSS
AO090701000510,19,MRFQSLAAAILLSLSITIH
AO090701000512,21,MRTSLSTTVCLGLLLPAAPTL
AO090701000525,45,MLVANRRPTKGHSTQNRHSLKHRPGATMYWAILHILAVALPTTAF
AO090701000540,21,MQLTKSLLVFALYMFGTQHVL
AO090701000545,21,MKFLQRLLPLAVAFLPMTCAL
AO090701000556,15,MRSVLLPLSLLPSVL
AO090701000558,21,MPLYSSYLGAFSVFALATLGE
AO090701000579,17,MQLQNLILVGSLAAGAV
AO090701000610,18,MHSTNIFNFFMLAVAAAS
AO090701000626,29,MLFCVSSDEQEAMALFTTVLFSLFPTIVF
AO090701000634,25,MTNMVSWKQTFIKVLVLGSAFEGGS
AO090701000639,21,MLSKMYRWLVALTVCATQLVQ
AO090701000644,27,MRFLSGFVSVLSSVALLGYAYPTAIDV
AO090701000652,17,MQLRSFLLGSAAVLGAN
AO090701000702,20,MRLLPLLALLAYLVPCLFVL
AO090701000717,27,MKYQRLASLGLAALSVTGSVSASPLIR
AO090701000727,27,MSFLLTRTSAVLGVGLGLSLSPLSPFR
AO090701000735,28,MYDAKSLSALLVLLLAAGPASVVSVPVA
AO090701000787,29,MADPWGMRSTFRPCLVLLAMLSTILQPGL
AO090701000799,23,MCFRLQTAERLLLLLLSAVGNVF
AO090701000807,16,MKPQSFIFFALATGVL
AO090701000808,17,MKFQAPLAMLSLAGVAY
AO090701000813,27,MARLFSTPRRLAFALAAGLVLFSVLAV
AO090701000838,20,MLLRLLQAFLGLWAIFPIAS
AO090701000841,19,MKVLSPLASIALAQGTLCA
AO090701000844,24,MHILTPPRLCTALTVLTSLIISSF
AO090701000847,29,MISSSRGKMAPSTFKNSLVSLAVHLLGVS
AO090701000860,18,MRILEVGILAMSILCFVD
AO090701000861,26,MKLSIVISVLATAVAAAPTPHGGHPK
AO090701000884,21,MRPTLASFCVAAAELAINAAA
AO090701000885,25,MKVTKKVLDQSLCCTALLALVGGAA
AO090701000886,19,MKVNPFLLGPLMSMATRTV
AO090701000887,18,MVQFSSIVQCTLLATAAS
AO090701000889,29,MKGALFFVFYCQVALDLCAVFSPPAQTRT
AO090701000900,25,MRVDRGMHHMVHLCIIGLALLACTL
AO090701000904,31,MKKPSQKENKTQIMTTMFRFLPFLALVTTSV
AO090701000905,18,MTSLTSLITIVAFLPFAV
AO090701001009,17,MRGLRSLASLTILGLVN
AO090701001214,21,MGFSWYGVLVYVQLISSTIVY
AO090020000010,17,MILLSLESLTVFLAVSS
AO090020000095,26,MHQFLTLAALLATTALAADRTPALVA
AO090020000130,59,MGRDPFLPPKFQATLALLNIHCCNLLVNCEYFNRIAMRLFVGHFVLSFLLFSLNIGCAS
AO090020000142,21,MKSLPLLTTLLLTLTTTPTTQ
AO090020000162,16,MRSTLWSLLGLTGLAY
AO090020000165,29,MKFFNVLFFFYAALVVSVPTAINDAELDK
AO090020000169,17,MKSLTFPILLTLTSLAA
AO090020000171,16,MFTLLFLLLGVICPTF
AO090020000191,22,MAGRSPTRLLFTLATPSLLVGY
AO090020000207,18,MKWKSLALGLLATAQSAA
AO090020000208,15,MKWALFYLICLPVCW
AO090020000212,22,MAPTLSSANLILAFFALLTSSR
AO090020000231,21,MSSSKTVALFTLALASFKGAL
AO090020000233,23,MRTSSRDYLMLAMLAMPQAHLAS
AO090020000257,22,MMFTCNWTALLCALLSILSVCV
AO090020000258,18,MKFSSTSALVAALVAGVN
AO090020000276,19,MRFEIPILVALTAGGSIVS
AO090020000279,20,MKVQHLSSPFLLFLLPAIAT
AO090020000285,19,MTRTIINLSILGLLSVPAL
AO090020000288,18,MHPKTLPWIVGLLSPTVT
AO090020000289,32,MKDVPCVNPSIRIMMHFLSFCLSVASLVSYAG
AO090020000351,18,MMRAATAIASLLLVGSVV
AO090020000381,19,MGFFHSALSFLMGAFSQTM
AO090020000387,18,MKHFMHIGFAASLLTVCW
AO090020000404,23,MRSSGLSLLVGALLASASPLKTS
AO090020000407,24,MKANSFLIALLPTALAIPLPTPNE
AO090020000438,23,MRTFQSSVSQWMAFLLMCLGLAN
AO090020000460,19,MPSKPNLIFLTLLASSNVL
AO090020000461,15,MHLTAALTLFLAAAQ
AO090020000468,17,MRWCLSLLLFGFLAVVH
AO090020000482,18,MHRNMALLLLTLFSWRAF
AO090020000512,29,MRFTAASLVTLGLLASALAFPAPANSLGV
AO090020000514,17,MRIFSALSSLLLAGAAL
AO090020000517,20,MRGILGLSLLPLLAAASPVA
AO090020000530,18,MRLQATLLLLASCVPSAL
AO090020000533,31,MSHEIDNTRSKRMLLLLYLTAFLFFLGENIQ
AO090020000542,22,MRWTFSFTSLFILWIFLFTNAL
AO090020000562,19,MRFLQLLAVSLAAGMLPVR
AO090020000588,16,MQFSVAAVLALATAVA
AO090020000631,19,MRLLHCALPLASLCAPGVL
AO090020000640,19,MKLSTASALVTSQAAYAAS
AO090020000650,19,MKGSWMLAAATAALTSTAF
AO090020000661,17,MPTFLFLAALLSGAGVF
AO090020000697,16,MHFAGIVAIALATGAT
AO090020000698,20,MILKSALTAVVLCLAVEGAA
AO090020000702,25,MKLLTVAFSLLLLGQVHASPLVLDK
AO090020000710,21,MKVAIFSTLLPLVLALPAPQT
AO090020000712,14,MILSTVLSLAAGVA
AO090020000715,24,MPSFIYTFAINALLAGALVAQIAN
AO090038000009,28,MQFSRTLGFLSFLSLALSVPTDTHTHHL
AO090038000027,17,MFQHLLTAVGILSVATD
AO090038000067,35,MGSFMVRVLGFSGPINLCFPKLVLLAFLSFSNVAR
AO090038000075,17,MKTTFLTLLVLFVGLVV
AO090038000081,18,MAILFKLSLPIWALAVVQ
AO090038000093,20,MKWTAILIALSAVSTQALES
AO090038000111,23,MRFFQTLVALPLIAGAVASPLDA
AO090038000117,17,MRFTTVFAMLAAAMGVV
AO090038000118,16,MLSLAFLVYATGTLAA
AO090038000119,17,MLLHLLFGLSVAVGLSA
AO090038000122,18,MILSLYFGLATITASLAS
AO090038000131,44,MKEVLACLYVPTIFSCPGCRKLRNSAKMRYHIVYALTAAASLSA
AO090038000133,35,MQLTKAILALALVVSPILAAPTEVGEGSVNTNVEA
AO090038000158,15,MLIFVALCCFACTVS
AO090038000175,28,MVHLSRALAALSFSASALALPALSSRAQ
AO090038000191,21,MPGPWSTKLYLLGYLQIAPAL
AO090038000195,22,MISHVFFAWYLLLLSIFDGGVV
AO090038000201,17,MYYLKIIFAALTVTTAI
AO090038000209,17,MRFQYLFLTLGATLSAA
AO090038000212,24,MRPRFSATLILLLGMMGNFGSLLE
AO090038000214,19,MMLSVLGIVPVLLSLSTND
AO090038000215,23,MRAFIILPLVTSILAAPTQTLVR
AO090038000223,19,MASIAHLVVSGLLAATAVN
AO090038000228,17,MFGTPLLLLLPLTTSVL
AO090038000229,16,MKPILLAVPLLLSYTA
AO090038000230,17,MLCALLLSAGMLVGPVA
AO090038000231,25,MKFSVLSILTLGLTAGALAAPANME
AO090038000258,20,MLTKSLFAGAALGLSLSSAV
AO090038000273,27,MRSGFHKPGAIPFLALLVFSLLSLLSL
AO090038000274,25,MVWKEIPMLPILLFPIVSTLIGSVL
AO090038000279,18,MRTAGLLSLLLAAIPAVT
AO090038000286,15,MRATFILAAFAAVAA
AO090038000315,22,MKATTIGTLLLAAGTALAVPGK
AO090038000337,17,MASSVLWSILIATPLAL
AO090038000364,18,MKISGFTSVALGLAAFAE
AO090038000415,20,MRPIPQIIYLIVLLASQLVT
AO090038000418,25,MKIQTLCSLAAVGLAFAKPIHNLEE
AO090038000419,25,MKFQTLFSLATVGLAFATPVHNLEA
AO090038000420,22,MKFQTLCSLATLGLAFANPIQN
AO090038000425,21,MLSPQALFGALVLLSAPSAVV
AO090038000444,17,MRSLSSIALLSVVGAAS
AO090038000445,32,MKFFIPCIAAIFATGVLAAPTPDASLNVPLDK
AO090038000467,22,MRGLRFIPVIASLGSVFIPQSL
AO090038000471,18,MHLKKLLTSAAALSGSVF
AO090038000480,17,MIKSTISTLLATAALVS
AO090038000481,19,MKTERTVILPWLLSASLAL
AO090038000493,26,MLPKICYFLFYLFLTLVAATPVALEE
AO090038000502,16,MFSRIALLPAFLPVAL
AO090038000504,16,MKFSIAAVAGLLSAVS
AO090038000518,29,MKISTTFLYTFLAITTLGVASPTGNNAVA
AO090038000540,20,MQLQTLAGFLLLCSPSLAAP
AO090038000552,18,MHSLSLISLALLSPLLVN
AO090038000572,18,MLPNLGILILPLLALPTS
AO090038000622,23,MKIASISAILLLPNAAIGIPRSD
AO090038000633,23,MSDTVQKLCLLLSLILAFSAQAH
AO090138000004,18,MSFSKVAIVLLASLSLVA
AO090138000009,22,MAWLYNVFGLLLLTGLCVQPSL
AO090138000019,17,MRVSITLLISTFVISAY
AO090138000042,16,MKFSVAAFASLLSVVS
AO090138000052,29,MYHYFNVLCALLIGVAQGTPLLGSPTHHA
AO090138000055,28,MSTRSPFPLSFTMLSFLAALSLPLALVN
AO090138000056,56,MVFLDLYVLHSSVSLPPIPSTTVVSSHSILAFLIYSVQGTMRSSVLLLSTLAGSAL
AO090138000086,21,MLNIMTRRVLSATLFILQCAS
AO090138000095,20,MWHRNNFGVLLISLLLLRVH
AO090138000114,21,MRTYSLFLLFVPLLFLLAHVQ
AO090138000119,17,MLFPTLVVTAAFAGGTL
AO090138000120,18,MRVLDIAYLGLAALGLAR
AO090138000122,21,MMIISQMALLLFSTFLAGPVA
AO090138000136,17,MRLQAFILVLLGLGKSY
AO090138000160,17,MHMLLFIGALALPVFVC
AO090138000204,19,MKLLSVTFAALLGLTQLGV
AO090701000967,21,MHSRSLGIVLIRLLCIFRDSP
AO090701001002,24,MIFSDWVMQLSAAALFLALPKSVA
AO090701001230,16,MKIQLFWFLTTTSLVF
AO090701001244,17,MKSFLGIALLVGLPFCL
AO090701001246,26,MALLAKASSLACLLVLAFLALASISH
AO090701001255,21,MQIYSIVAAATLSLAGTAHAW
AO090011000007,24,MATFSPIPAYVLGTLTLALGCNAV
AO090011000010,15,MQSLITLLALPASTL
AO090011000020,17,MKFQWASGLLLGAATVD
AO090011000021,20,MYSRNQVLAALATVGITSVN
AO090011000027,16,MRLSEILAVALVTGAT
AO090011000030,19,MGSLCRLVAVSASLFAVAT
AO090011000035,25,MASKKQIIPILLLTAIQASAAPAPQ
AO090011000036,17,MRGLLLAGALGLPLAVL
AO090011000051,15,MLLPYYLLAAAATVM
AO090011000052,15,MRFLPCIATLAATAS
AO090011000053,27,MRLAPITVGLAACANLVSGMAFTAPAR
AO090011000055,17,MLAKFSLLSLLLTSTAC
AO090011000062,16,MKFLITTAALLFSLVS
AO090011000078,20,MKFSAVLSTLMVAGLVAAAP
AO090011000082,25,MLLLRSVRAHQLLQLVSFLLFTLVY
AO090011000084,17,MVRLSTFIATILSSTAL
AO090011000112,18,MKPSFVSLLSLACLGAAS
AO090011000113,31,MVMLRSLLVSALAALAAGSPIAEPADQSLEA
AO090011000118,25,MMYSKLLTLTTLLLPTALALPSLVE
AO090011000119,22,MRFSAIFTLGLAGTALATPLVE
AO090011000131,28,MIERYLIVSQSLRMLSFFCVVASAALAA
AO090011000140,25,MAPSQPFRVSATVLLSLMAVQTGVH
AO090011000141,17,MLTQLLLLGLAGLVCVK
AO090011000150,21,MIFARLMRFSLLSLAWAFQAA
AO090011000156,23,MSTLISSYLLGLVACAAAAPAAS
AO090011000174,18,MQLLPVALLLGALAAPTA
AO090011000187,28,MPGQRWLNRILRGLAFSYVVMLQGGDCT
AO090011000195,26,MHFHRLLVLAAGLLTTATSAPTELFK
AO090011000198,18,MRRPSLWVALGALASEVL
AO090011000200,15,MRLLLPFLVLPLATL
AO090011000201,18,MQLTLLTTLLVATSALAA
AO090011000225,22,MQFTSFKALAIFAASFFAFSAA
AO090011000229,24,MRLTISAAVLPSLLLLPCFLGDAL
AO090011000235,21,MFFSRGALSLAVLSLLSSSAA
AO090011000236,21,MYFANTLSIFLASVTFYHQCA
AO090011000270,17,MRFNTIVALSALSTMAH
AO090011000284,18,MQFKIFTVLLAIGLPLAL
AO090011000300,18,MLTRQSLVALLGGLSLAA
AO090011000310,26,MREDKSSKKPKMLSSVLLVLFSAAVG
AO090011000343,22,MKFFSSLALLVSAVAANPILRT
AO090011000344,20,MRSFALLPVLCLLVLLGMVS
AO090011000355,29,MACHYQKLLWVALTLGVSVSALPGSSKAT
AO090011000357,26,MVSKVFGRLLTTGLVLANSVSASTEA
AO090011000362,27,MASLHTTIMLFLAHVLLLLGLPAGMVG
AO090011000364,18,MKQTGTILALAGLVSMAH
AO090011000381,16,MKVYLWTVAATATLSS
AO090011000392,26,MINLPQLIWFLCPTVALCNQHVRTIT
AO090011000402,23,MALNMYFQSLAVASLFCLLAIVR
AO090011000430,26,MKLSFLSLLSAAAGVAVAAPTESTKD
AO090011000446,30,MDEFFFRSGTMNTFRTFGLLALLAIFSVAQ
AO090011000450,20,MKSSVSALALLFLGAPQFSL
AO090011000451,22,MVSRQILGVLALALLCLFQSCG
AO090011000460,26,MAGLTLPVVLLRAFLLLFVLHVPSIT
AO090011000461,26,MKATILATIALAACSAASPLGSAPHA
AO090011000515,26,MISGIGPVASWRLSVIVAAVLTCLVH
AO090011000565,25,MLFTTILASTLALSMGVSAAPRPAP
AO090011000579,29,MRASLLACSLLSLFSIPTLASPSDKVLES
AO090011000593,25,MVKASNSVRIAYRCWLCISEGGLVL
AO090011000665,23,MNLRLLTLALAAVAAASPVDIQE
AO090011000673,29,MRVTAILTLATIAIASPTKVLNSRNELAR
AO090011000690,32,MGPIQDPSFFPFSFSSLPLLLLLLSALSTTIL
AO090011000715,26,MRIGNLIVAASAASLVHAYPTRDIKK
AO090011000745,18,MILLSYLLTYLLCALTCS
AO090011000755,18,MSVLRAVTAFFIWLGLVQ
AO090011000757,17,MKVTRLAVLNTLATLTV
AO090011000808,20,MLLTQSLFFAFACWQATPAL
AO090011000821,20,MRYLFLIILVAFAALTTAVP
AO090011000874,23,MLSTMRLACLFLAIALCLVQLVL
AO090011000916,17,MRFSVAAVFAAVAAGVV
AO090011000934,18,MRLICSLPVVLPLFSTAL
AO090011000958,22,MRQSSSFTAGLLSMASLASLTQ
AO090206000018,19,MRPSTVIISILSAVNSYAQ
AO090206000073,17,MKIRAALALSATASGVL
AO090206000101,31,MSPFYTCQHLLRQSNYCLLILPLFVIVPFVH
AO090701001275,26,MFNLGTAIVTALSLLMAGVANGAPAE
AO090010000019,24,MVSRRLLSWRQLLLILHTLYGISV
AO090010000028,21,MGLIRFYTSLALISASAFLVR
AO090010000029,16,MFLLLIKLATYAAAVA
AO090010000030,18,MKYAAVLTTVAALASRAL
AO090010000040,20,MYCFKSSTIFAVLSLLSQAL
AO090010000057,21,MLYHTVKSLVVALAFGATAAS
AO090010000076,14,MKISVALGLISLAL
AO090010000077,24,MKFSIAAIALFTLSAVALPATVVR
AO090010000087,24,MKFALLSGVAAGLLPVVSAVSVSG
AO090010000096,21,MWSYFWHIAFTALLTLGRLTA
AO090010000100,24,MKPTHAYLTAALISGALAAPGSTL
AO090010000102,26,MLTIPGLFRLALLPIFALLLLQQKAL
AO090010000106,22,MFLTVMQRSAILILSLLSATAL
AO090010000115,19,MKSFNFLWLLAAGLITQVQ
AO090010000130,23,MKTTMAFLFVLFASFVGAAPPVQ
AO090010000136,17,MYRISIPLVLLLVQQTV
AO090010000140,32,MKLNLIALFLFIFSFAAASPVAEPDEVDGLEA
AO090010000144,29,MHTFTSRRLTAALLIIGTVLWFSCFRNGD
AO090010000167,19,MYLSLRLVSLALCIAPLAS
AO090010000183,29,MSMTRHCTPGMALYFVLVAICLFQVQAAV
AO090010000187,22,MKFTAISLLLAASTALASPVNV
AO090010000202,29,MQQLLQSTAALLAFQAVVGDAAPTSSSSA
AO090010000253,26,MKLSIPLLSLLATSQVTLAAPAATVD
AO090010000280,26,MKLSIPLLSLLATSQVTLAAPAATVD
AO090010000310,23,MKTTFAVIISVLTASISAAPLEA
AO090010000314,16,MIWTLAPFVALLPLVT
AO090010000340,21,MMFLGHLSLIAFGAWAVHPVV
AO090010000348,17,MHHFIIIITLYLSALVA
AO090010000352,18,MQFLIVAASFVAVATAIP
AO090010000355,14,MRSLWLTALLPLAA
AO090010000365,26,MKSPIYLLTALLPLTLPLVNATPTAE
AO090010000374,19,MNQVLTILFLYLSALAVGL
AO090010000377,18,MQFFRQLLAIGLVVTAAQ
AO090010000387,18,MHFKAYILAAIATASTAL
AO090010000417,19,MIYWTTLVLGLLLQLLSVS
AO090010000418,24,MRSSLVLGVSRLILLVPLLSSTAS
AO090010000438,17,MKLTRYLSLLTLVLTAN
AO090010000484,20,MRINTLSLFSLVSLVPTLAL
AO090010000485,17,MKASLITVIAALASSAM
AO090010000486,18,MVLLGAFLVLALLQPMAL
AO090010000493,23,MRVTTLSTALFALASTAVSAPTA
AO090010000494,18,MTPLPKVSTLLALILPIT
AO090010000503,19,MPLNTHIIILLVSVTSHCL
AO090010000504,19,MKYASFIAAAAAALASAVS
AO090010000531,21,MARLSIFCLAYFALTFLSYAN
AO090010000534,22,MLFKSIVSTAILAAALCTDNVS
AO090010000554,21,MGLVTQYSLLLAAAAGLPFSS
AO090010000562,16,MILGLIASLGQAAVAA
AO090010000573,16,MRASLLFAALAPAVSI
AO090010000576,23,MILYRRAALAAVFCLGAFTQPAI
AO090010000582,25,MKFATTLLPLLAGASAFCIHSPVMR
AO090010000586,19,MLRLKMEVVAALAAWAIAS
AO090010000599,20,MSKVYLTIIFTVLFLFQCVS
AO090010000607,15,MMSLLLPLIFVVLAA
AO090010000610,18,MRLQILFVAHLWLIGCVA
AO090010000615,30,MPLPRWRFRRLVVLASALAFVFICAVQWSH
AO090010000619,21,MVFTIAIYSIVLLLATISQSL
AO090010000622,23,MRGLSWQQLGGAVLLLLQGQVAL
AO090010000631,16,MKAASLAFISFLPSVL
AO090010000640,15,MRPHVLLPFLLPLTT
AO090010000644,25,MKLIQLSSVLHFTALSSALTLPLNR
AO090010000654,16,MKLSWAVGAALLGTAV
AO090010000656,15,MRCTLLFFCILCLAW
AO090010000666,16,MRFSILALFALASAAL
AO090010000684,26,MFGSPKRAALAAASLLAVFGNGPSVM
AO090010000704,27,MYLSKIISISFLAALAGAAATPSNLEA
AO090010000706,33,MYQKLLLVPLLLTSALASPHDASSHQKFHQLNE
AO090010000724,24,MHYLTSQQLCATLLLLFLHAQTVW
AO090010000729,15,MRLFGITLVSAALAA
AO090010000734,15,MKPFTSIVLLAATVT
AO090010000744,17,MKLSSIVALSGLLAVSE
AO090010000746,24,MVSFSSCLRALALGSSVLAVQPVL
AO090010000753,16,MKFFLATLFASAVSSI
AO090010000757,21,MQPQVTVPLYAAVLGLFCTAL
AO090010000769,22,MIYRWLLLVSCLLLALLAQRGA
AO090103000004,19,MHRLTSLLSLSLAIASGTK
AO090103000026,29,MRGYEFLSVLPLVAASWALPGSTPASVGR
AO090103000036,18,MARYITFAQFFLLFCLAA
AO090103000056,17,MRSIFYLTLSAMASLAA
AO090103000074,17,MRQHSRMAVAALAAGAN
AO090103000076,18,MLRVSAIFMACLLLATAA
AO090103000087,19,MKLNLASLSFLASIAPLVS
AO090103000088,19,MLSLRLSVISVCLAAVNVL
AO090103000092,15,MKAPYFIAFLAAAVS
AO090103000093,16,MKFTLAAASTFITAAL
AO090103000108,27,MHASLALLLLPLGALSLPFEDSVQTVE
AO090103000109,23,MRMPRGGLLGAIVCLAGIGRVVE
AO090103000126,19,MISHIAFFFASVLAASLGI
AO090103000127,17,MVQLKSFLLLLNVAIAR
AO090103000141,27,MVSASQLLFCLPVLGALATPTDSTTAQ
AO090103000153,16,MANLIFSLFFCSAVTL
AO090103000172,26,MFGLGSLLSFFFVFATCLAHPGSLAN
AO090103000180,18,MLPIKSLFLVTHFLSFAT
AO090103000181,18,MYTIISYATLFLFTFQVY
AO090103000213,19,MQIISLSKLAILGLAGLAI
AO090103000214,20,MLFPSFVLATLSLGAAVRSH
AO090103000216,17,MLTVCILLQALLCKSVI
AO090103000218,24,MSPPLFSKWPFIISLMVYAVRPAW
AO090103000234,36,MGIRSSLTRFVPFIAYHHILMGVCTVAIILLSVLLA
AO090103000238,22,MGFSSIIARLLLGTVAILSFVG
AO090103000239,15,MHFFTILATLSGTAI
AO090103000242,17,MRVLSITYVFAVLQVVK
AO090103000281,28,MQFKLFVAPLLFALAMAAPSFEDGHLAK
AO090103000291,22,MSHTMTKVFRACVVLTLFLLAN
AO090103000308,20,MAWLMSLGFVHLVSLLSLGE
AO090103000326,20,MRFQHLTTALAVGVSAHLAQ
AO090103000332,14,MRVLPATLLVGAAS
AO090103000338,42,MQLTYKKLSQLAVCCGGDRLQFSLRMKATTASVLLALLSAVN
AO090103000376,24,MSGFFSRKLLGAIALTFSFLNQAS
AO090103000384,19,MKTTALSFALLAAATTMVS
AO090103000388,18,MLLRFLSLTGALCLSSCA
AO090103000412,22,MAFNKRTFSIYSLLLAAPSLTT
AO090103000423,23,MVHLKALASGTLFASLASSAVIS
AO090103000463,18,MHSSLLPMLAAMLLSPVS
AO090103000466,24,MKTSTLCTIAFSATALAVPVSVTT
AO090103000478,19,MRWLISTIWALAVGSSFAT
AO090103000483,19,MKTSFLLAAIGFLYRLPCS
AO090103000487,19,MTRYLSFLFLLILFGNSVF
AO090103000493,17,MRGIVALSFLSVALGVT
AO090701000994,18,MRLLLIAPLFSAVSYGAQ
AO090701001287,21,MLFYRAFGGLLCFLYACVTVS
